County_Name,Net_migration_rate_of_population
Autauga,4.560061758
Baldwin,24.38056719
Barbour,-5.165664474
Bibb,1.831951922
Blount,1.124596659
Bullock,-7.200986436
Butler,-6.294941017
Calhoun,-4.044995086
Chambers,-7.748227481
Cherokee,11.60697184
Chilton,4.944068811
Choctaw,-15.81307529
Clarke,-9.970551115
Clay,-1.055448754
Cleburne,-6.483957219
Coffee,7.057108887
Colbert,5.96852465
Conecuh,-13.62945934
Coosa,5.162864921
Covington,6.216048215
Crenshaw,-0.7971881
Cullman,4.952567799
Dale,-1.44433708
Dallas,-26.41409458
DeKalb,1.875174923
Elmore,1.134262113
Escambia,4.510846536
Etowah,-0.244046486
Fayette,-5.618835313
Franklin,0.031918289
Geneva,2.09216958
Greene,-12.37745098
Hale,-7.210884354
Henry,4.537785793
Houston,8.991132294
Jackson,2.343893769
Jefferson,-2.905913648
Lamar,-4.695344385
Lauderdale,4.208640663
Lawrence,2.004099294
Lee,1.163931529
Limestone,26.41830521
Lowndes,-22.74111675
Macon,-8.848827943
Madison,13.38265445
Marengo,-6.645744877
Marion,2.186380531
Marshall,3.814578323
Mobile,-3.760043912
Monroe,-12.0110061
Montgomery,-4.03540917
Morgan,3.332189114
Perry,-13.56082921
Pickens,-0.95214232
Pike,-3.948399542
Randolph,1.188144954
Russell,-0.397425375
St. Clair,9.552888879
Shelby,7.006935389
Sumter,-14.36494952
Talladega,0.574587016
Tallapoosa,-0.395540283
Tuscaloosa,2.308020131
Walker,1.163613492
Washington,-3.116597409
Wilcox,-18.78695403
Winston,0.803009171
Aleutians East,-17.82531194
Aleutians West,-6.741174384
Anchorage,-15.93027738
Bethel,-4.698811638
Bristol Bay,-52.44755245
Denali,28.57834827
Dillingham,-24.22529525
Fairbanks North Star,-28.11466937
Haines,11.15982463
Hoonah-Angoon,-4.18312805
Juneau,-7.092530971
Kenai Peninsula,0.443424946
Ketchikan Gateway,-1.296970134
Kodiak Island,-27.96403536
Kusilvak,-16.70974334
Lake and Peninsula,-15.6838143
Matanuska-Susitna,4.474729845
Nome,-14.45879244
North Slope,-11.48257291
Northwest Arctic,-19.45804767
Petersburg,6.451612903
Prince of Wales-Hyder,-26.1084136
Sitka,-9.385815686
Skagway,17.00680272
Southeast Fairbanks,-16.9197397
Valdez-Cordova,-2.069378642
Wrangell,-9.920634921
Yakutat,-35.74468085
Yukon-Koyukuk,-25.87590896
Apache,-1.044437327
Cochise,-4.192872117
Coconino,2.363644628
Gila,9.515948024
Graham,16.58163265
Greenlee,-4.644779901
La Paz,9.06351579
Maricopa,14.17603445
Mohave,21.24928525
Navajo,3.210258358
Pima,9.602496937
Pinal,32.24951764
Santa Cruz,-4.327559665
Yavapai,19.55143926
Yuma,4.245426059
Arkansas,-13.17732591
Ashley,-15.98225314
Baxter,15.6781081
Benton,17.88152853
Boone,2.753384926
Bradley,-5.647886672
Calhoun,-5.568356375
Carroll,10.2696673
Chicot,-27.72373541
Clark,0.716958304
Clay,-11.59855359
Cleburne,3.365856591
Cleveland,-3.2599837
Columbia,-4.719086793
Conway,0.431955077
Craighead,9.956741563
Crawford,-3.506112006
Crittenden,-12.41720135
Cross,-12.10324064
Dallas,-19.06645011
Desha,-9.532971838
Drew,-7.6066435
Faulkner,2.174042884
Franklin,-1.972998112
Fulton,19.12447045
Garland,7.048076148
Grant,5.542598436
Greene,-2.0735904
Hempstead,-9.810954023
Hot Spring,3.49925122
Howard,-7.621491096
Independence,-0.634979429
Izard,8.452464077
Jackson,-0.836520076
Jefferson,-17.91075757
Johnson,-5.785449969
Lafayette,-3.15718259
Lawrence,1.766246422
Lee,-8.97213032
Lincoln,-8.547008547
Little River,0.244339469
Logan,-6.76881708
Lonoke,-3.462849352
Madison,8.925860708
Marion,10.07224437
Miller,-3.486532978
Mississippi,-16.38843773
Monroe,-19.58618658
Montgomery,15.31068395
Nevada,-6.52173913
Newton,-2.829036199
Ouachita,-6.255052976
Perry,9.3112551
Phillips,-15.90579306
Pike,7.669285447
Poinsett,-14.84261348
Polk,0.900382663
Pope,4.809424592
Prairie,2.10604559
Pulaski,-3.220090096
Randolph,0.389668225
St. Francis,-20.03841356
Saline,9.757259426
Scott,-5.140640155
Searcy,-1.138447916
Sebastian,-1.918581659
Sevier,-8.923329811
Sharp,11.57434067
Stone,8.573717949
Union,-9.945901492
Van Buren,1.205545509
Washington,4.060546703
White,4.238420711
Woodruff,-17.51916158
Yell,-6.307969068
Alameda,-1.848964301
Alpine,32.46167719
Amador,11.82460174
Butte,-49.59012291
Calaveras,7.379670972
Colusa,-1.070638892
Contra Costa,-0.504330428
Del Norte,2.448156682
El Dorado,11.39240176
Fresno,0.131588794
Glenn,10.85876508
Humboldt,-4.724027049
Imperial,-10.8452933
Inyo,4.168403502
Kern,-0.234118932
Kings,0.808354309
Lake,2.936994476
Lassen,-4.118252684
Los Angeles,-7.930984781
Madera,-3.838209599
Marin,-3.795651973
Mariposa,-9.824318077
Mendocino,-8.26873385
Merced,4.483256649
Modoc,7.936058047
Mono,-3.882552778
Monterey,-6.774107701
Napa,-7.217945055
Nevada,4.637087668
Orange,-4.779849063
Placer,14.58530163
Plumas,6.551613934
Riverside,5.480912102
Sacramento,4.204731196
San Benito,14.29088715
San Bernardino,-0.345998632
San Diego,-3.896171438
San Francisco,-1.811325894
San Joaquin,7.300749552
San Luis Obispo,-0.889728403
San Mateo,-6.960411762
Santa Barbara,-3.073029848
Santa Clara,-7.777857509
Santa Cruz,-4.679611154
Shasta,3.930081242
Sierra,6.664445185
Siskiyou,3.100276728
Solano,1.246966536
Sonoma,-8.936744886
Stanislaus,-0.973801996
Sutter,2.017390945
Tehama,15.25925237
Trinity,-19.3143409
Tulare,-4.791659504
Tuolumne,4.629587103
Ventura,-5.965240345
Yolo,-2.065281037
Yuba,6.938710194
Adams,4.834876431
Alamosa,-5.972722515
Arapahoe,2.051380822
Archuleta,19.0208581
Baca,1.674808095
Bent,-37.41765481
Boulder,2.753398727
Broomfield,12.81932055
Chaffee,17.82310568
Cheyenne,-17.34417344
Clear Creek,8.184832159
Conejos,1.586720371
Costilla,18.96350175
Crowley,18.13945748
Custer,27.99440112
Delta,12.47461561
Denver,9.019893646
Dolores,-3.40218712
Douglas,17.76579178
Eagle,-4.469882802
Elbert,14.2932569
El Paso,5.061110289
Fremont,1.357022067
Garfield,-0.667991517
Gilpin,18.93970053
Grand,11.5218435
Gunnison,13.45692916
Hinsdale,15.97051597
Huerfano,8.415554266
Jackson,-7.893792609
Jefferson,3.8803276
Kiowa,14.36265709
Kit Carson,-9.399551066
Lake,27.54648469
La Plata,-3.199431212
Larimer,14.62775542
Las Animas,2.895154064
Lincoln,13.61988149
Logan,5.416657341
Mesa,7.40328362
Mineral,-7.787151201
Moffat,0.831255195
Montezuma,1.87255183
Montrose,13.13497481
Morgan,3.492573958
Otero,-2.294079091
Ouray,29.05668099
Park,16.05565962
Phillips,-1.169590643
Pitkin,-16.05908849
Prowers,4.206012123
Pueblo,6.15162902
Rio Blanco,-4.10937253
Rio Grande,-0.443695093
Routt,2.228956887
Saguache,-3.659250585
San Juan,-49.59785523
San Miguel,-4.645760743
Sedgwick,-3.978779841
Summit,-0.129391214
Teller,11.76214332
Washington,4.083299306
Weld,22.33981483
Yuma,3.005108685
Fairfield,-3.542621402
Hartford,-1.943619347
Litchfield,-1.65454807
Middlesex,-0.750063018
New Haven,-3.339315592
New London,-3.985015739
Tolland,-0.358315915
Windham,-2.283602961
Kent,10.43063959
New Castle,-0.23649493
Sussex,22.82933647
Alachua,-1.87397517
Baker,28.0388444
Bay,-65.40054579
Bradford,18.19384126
Brevard,14.93219284
Broward,0.462696386
Calhoun,-28.55347668
Charlotte,31.21797736
Citrus,24.22151147
Clay,13.99485247
Collier,19.37091061
Columbia,15.01889655
DeSoto,16.02780984
Dixie,13.66715407
Duval,5.183573078
Escambia,9.251365603
Flagler,31.32511027
Franklin,38.65383807
Gadsden,-5.721335997
Gilchrist,17.41441979
Glades,13.67421901
Gulf,-165.385261
Hamilton,9.062391077
Hardee,-13.97283061
Hendry,11.20468341
Hernando,23.82302303
Highlands,19.48341021
Hillsborough,9.883418887
Holmes,11.52073733
Indian River,22.78073855
Jackson,-33.36648118
Jefferson,-3.500542584
Lafayette,-30.26938585
Lake,31.43521064
Lee,22.59077917
Leon,3.072249115
Levy,20.51007886
Liberty,-7.985221381
Madison,0.864094186
Manatee,24.23148287
Marion,22.49665697
Martin,6.42129408
Miami-Dade,-2.635593323
Monroe,-6.403329194
Nassau,32.05756154
Okaloosa,14.54251183
Okeechobee,9.997375391
Orange,2.828836984
Osceola,14.10629032
Palm Beach,9.705850964
Pasco,29.42626828
Pinellas,6.865312769
Polk,24.18794808
Putnam,9.167766081
St. Johns,41.31644827
St. Lucie,25.46237063
Santa Rosa,25.95652461
Sarasota,24.80957967
Seminole,5.693932005
Sumter,39.91743861
Suwannee,8.036480202
Taylor,3.061650508
Union,-1.046949125
Volusia,17.09137381
Wakulla,38.12431975
Walton,44.98525583
Washington,28.8067481
Appling,-8.235804075
Atkinson,-19.11487186
Bacon,-1.704341586
Baker,-18.2887002
Baldwin,1.537039306
Banks,10.57425535
Barrow,24.29391616
Bartow,9.994582376
Ben Hill,-5.608257264
Berrien,6.828233712
Bibb,-0.411681293
Bleckley,2.56869308
Brantley,6.24770305
Brooks,1.874838376
Bryan,33.10763844
Bulloch,25.74434173
Burke,-4.372852617
Butts,29.47402703
Calhoun,-26.94944985
Camden,11.37402255
Candler,-2.588996764
Carroll,13.01740837
Catoosa,3.052756372
Charlton,35.57447455
Chatham,-2.385083893
Chattahoochee,8.462361092
Chattooga,0.726231063
Cherokee,14.73803705
Clarke,4.154945833
Clay,-12.59181532
Clayton,2.858356565
Clinch,-1.512744876
Cobb,-0.474867944
Coffee,0.834028357
Colquitt,0.241612212
Columbia,12.27834783
Cook,5.632821347
Coweta,13.04553033
Crawford,9.135742582
Crisp,-9.468981307
Dade,-4.946974616
Dawson,36.81077389
Decatur,-7.474941956
DeKalb,-1.795003708
Dodge,-7.778153534
Dooly,-21.32920034
Dougherty,-17.53257016
Douglas,4.482319549
Early,-8.009376831
Echols,-1.748688484
Effingham,27.64692865
Elbert,8.409726031
Emanuel,0.883919298
Evans,-4.401573328
Fannin,12.72786521
Fayette,11.26527886
Floyd,5.527786544
Forsyth,25.56701888
Franklin,14.09999353
Fulton,8.097185143
Gilmer,18.8090798
Glascock,0
Glynn,3.829279896
Gordon,4.152572432
Grady,-7.205456717
Greene,35.55481599
Gwinnett,2.456552874
Habersham,-2.910662506
Hall,9.374869144
Hancock,18.90044577
Haralson,7.750240089
Harris,20.20173076
Hart,7.536919428
Heard,4.623014205
Henry,16.88603435
Houston,10.65140115
Irwin,3.18945354
Jackson,32.61643243
Jasper,12.67346361
Jeff Davis,1.790272851
Jefferson,-0.90950432
Jenkins,-9.059113583
Johnson,-5.788412838
Jones,4.632935644
Lamar,7.255901993
Lanier,6.352873231
Laurens,3.309373748
Lee,5.49018295
Liberty,-2.39263854
Lincoln,2.019437082
Long,16.0931436
Lowndes,3.833729115
Lumpkin,21.80156069
McDuffie,-10.78330688
McIntosh,5.923344948
Macon,-13.63618953
Madison,7.76183596
Marion,-1.314845804
Meriwether,4.827145595
Miller,8.594983336
Mitchell,-12.77330788
Monroe,6.49951889
Montgomery,-1.199563795
Morgan,20.99351825
Murray,2.423818389
Muscogee,3.836507342
Newton,16.81097823
Oconee,17.47787056
Oglethorpe,11.1407759
Paulding,22.99230584
Peach,4.735107177
Pickens,19.41026236
Pierce,2.007566983
Pike,15.90044936
Polk,4.143174943
Pulaski,6.931628933
Putnam,16.38635381
Quitman,20.17986401
Rabun,20.41536742
Randolph,-3.826342899
Richmond,0.029689375
Rockdale,1.918401773
Schley,3.623533899
Screven,-1.00264986
Seminole,-19.31540342
Spalding,9.005345983
Stephens,-1.617499807
Stewart,32.93504902
Sumter,-10.55293324
Talbot,-10.73287946
Taliaferro,-38.74245792
Tattnall,-8.272438991
Taylor,-0.249376559
Telfair,-6.031287303
Terrell,-4.439771001
Thomas,2.365264403
Tift,-0.837582834
Toombs,-5.024938584
Towns,21.50357696
Treutlen,13.27110982
Troup,-4.042857143
Turner,7.424652363
Twiggs,1.963913097
Union,30.6097158
Upson,8.913436816
Walker,5.876267923
Walton,12.27934716
Ware,3.561363413
Warren,2.666412723
Washington,-1.324048647
Wayne,3.883690175
Webster,0
Wheeler,-5.586237542
White,27.37472444
Whitfield,-0.852176161
Wilcox,-20.95979842
Wilkes,-3.360317703
Wilkinson,-7.223426127
Worth,-1.874275568
Hawaii,-1.071901782
Honolulu,-8.893682579
Kalawao,0
Kauai,0.539938115
Maui,0.388768769
Ada,22.81472845
Adams,13.36772983
Bannock,7.702800289
Bear Lake,11.01158682
Benewah,8.85720458
Bingham,10.09253282
Blaine,7.162823201
Boise,22.60105902
Bonner,23.08610853
Bonneville,13.58776422
Boundary,18.71316104
Butte,2.700617284
Camas,-16.16524472
Canyon,22.22982443
Caribou,11.27395716
Cassia,1.421969428
Clark,-14.1509434
Clearwater,2.512275894
Custer,16.11208406
Elmore,-4.118601134
Franklin,5.511240029
Fremont,-11.12211473
Gem,29.52463654
Gooding,-0.594157452
Idaho,13.27580485
Jefferson,4.521222755
Jerome,5.52828087
Kootenai,25.44462323
Latah,1.801418617
Lemhi,15.03853625
Lewis,2.60756193
Lincoln,-10.21924935
Madison,-8.008286176
Minidoka,9.147947699
Nez Perce,3.719131211
Oneida,12.89892138
Owyhee,8.939213349
Payette,14.83416916
Power,-9.622261231
Shoshone,7.167341851
Teton,33.20304291
Twin Falls,5.020039675
Valley,30.33953509
Washington,5.514796396
Adams,-1.724427353
Alexander,-44.56871717
Bond,-12.21909688
Boone,-1.532366572
Brown,2.282931284
Bureau,-8.019881989
Calhoun,-15.25919732
Carroll,3.703833118
Cass,-16.59920684
Champaign,-5.190571177
Christian,-8.497929399
Clark,-8.247156986
Clay,-3.93194707
Clinton,-4.836630835
Coles,-3.134549039
Cook,-7.977568333
Crawford,-7.573939248
Cumberland,-4.450625869
DeKalb,1.643997974
De Witt,-7.126495291
Douglas,-3.288544049
DuPage,-8.60354303
Edgar,-8.226876394
Edwards,-1.095290252
Effingham,-7.831175116
Fayette,-1.96702885
Ford,-16.19990066
Franklin,-4.535793894
Fulton,-10.06216568
Gallatin,-36.05793578
Greene,-5.761696243
Grundy,-1.783841532
Hamilton,-0.860796852
Hancock,-5.628095452
Hardin,-9.852216749
Henderson,-2.548152589
Henry,-1.816660203
Iroquois,-11.13593905
Jackson,-11.59252536
Jasper,-3.847353645
Jefferson,-0.795840407
Jersey,0.091810503
Jo Daviess,-0.798759573
Johnson,3.059581321
Kane,-5.83406799
Kankakee,-1.483065305
Kendall,2.991737662
Knox,-4.394193244
Lake,-8.003598539
LaSalle,-3.305360192
Lawrence,-5.20783716
Lee,-4.737396187
Livingston,-2.073932905
Logan,-8.517295324
McDonough,-8.949820668
McHenry,-4.46085792
McLean,-8.926312851
Macon,-5.08361589
Macoupin,-6.183236559
Madison,-3.487718979
Marion,-4.451237498
Marshall,-0.872562279
Mason,-9.51955972
Massac,-15.11063141
Menard,-7.269756994
Mercer,-3.872466761
Monroe,6.578756702
Montgomery,-7.459942212
Morgan,-9.839698604
Moultrie,-11.18391712
Ogle,-3.293106168
Peoria,-11.46751381
Perry,-8.987161198
Piatt,-2.201161724
Pike,-3.273847734
Pope,1.674440856
Pulaski,-14.85746123
Putnam,2.091503268
Randolph,-10.50673087
Richland,-9.997436555
Rock Island,-6.0456942
St. Clair,-7.884140748
Saline,-9.856175973
Sangamon,-5.477683181
Schuyler,-9.092242264
Scott,5.466693663
Shelby,-3.367158672
Stark,-10.59479554
Stephenson,-5.106668906
Tazewell,-4.367027054
Union,-7.704942512
Vermilion,-12.04250295
Wabash,-1.822679339
Warren,-10.34401229
Washington,-8.821630926
Wayne,-5.347100581
White,-1.031117658
Whiteside,-6.086987934
Will,-4.227537318
Williamson,-4.955868812
Winnebago,-5.57398243
Woodford,-2.442002442
Adams,-6.473126716
Allen,5.936016162
Bartholomew,9.369313097
Benton,8.505258319
Blackford,-9.965374546
Boone,9.170976383
Brown,-6.661829695
Carroll,1.434046236
Cass,-6.403471634
Clark,6.647366947
Clay,1.259541985
Clinton,3.313155084
Crawford,-1.133626187
Daviess,-4.262408261
Dearborn,-0.424499697
Decatur,-8.069964717
DeKalb,3.853119989
Delaware,-0.46403306
Dubois,-2.037232174
Elkhart,-3.209065002
Fayette,1.819048032
Floyd,7.23988846
Fountain,-2.93255132
Franklin,-0.527890199
Fulton,-5.046593549
Gibson,1.546031605
Grant,-3.171279437
Greene,-1.813038246
Hamilton,17.21924462
Hancock,19.07582479
Harrison,6.044915706
Hendricks,16.67758934
Henry,-1.165416272
Howard,3.61648291
Huntington,7.091516293
Jackson,0.656859081
Jasper,5.050278662
Jay,-16.56827734
Jefferson,4.126270069
Jennings,0.794023171
Johnson,9.991726596
Knox,0.081978412
Kosciusko,-3.285663931
LaGrange,-5.823595691
Lake,1.387724719
LaPorte,-1.091559065
Lawrence,-3.494505495
Madison,0.617422108
Marion,-0.111268134
Marshall,-3.090087949
Martin,2.83286119
Miami,-4.187628229
Monroe,6.33157569
Montgomery,0.757061557
Morgan,3.598196635
Newton,0.786557025
Noble,0.566708995
Ohio,0.170154841
Orange,4.03122927
Owen,0.048006529
Parke,-4.010025063
Perry,3.817392669
Pike,1.210800339
Porter,5.478452499
Posey,-4.197642259
Pulaski,-10.22338499
Putnam,2.078281954
Randolph,-6.266297427
Ripley,-5.98865678
Rush,-3.131021195
St. Joseph,-0.412676539
Scott,5.749417714
Shelby,3.540576576
Spencer,-4.229993606
Starke,2.916467157
Steuben,3.503134002
Sullivan,-1.257101414
Switzerland,1.86202402
Tippecanoe,4.677203638
Tipton,3.304692664
Union,3.834410282
Vanderburgh,0.937747365
Vermillion,1.160990712
Vigo,-3.292833656
Wabash,-3.312216613
Warren,-1.813236627
Warrick,8.256822239
Washington,3.108919383
Wayne,-0.788296824
Wells,4.966388194
White,-1.575619364
Whitley,-5.293261384
Adair,10.26289892
Adams,-9.660502346
Allamakee,-12.92712154
Appanoose,5.558464575
Audubon,5.47095833
Benton,0.195045836
Black Hawk,-7.157227012
Boone,-2.093403875
Bremer,2.83982961
Buchanan,-3.305550965
Buena Vista,-17.49226791
Butler,-3.245408093
Calhoun,-2.167294494
Carroll,-0.049605635
Cass,-5.42972386
Cedar,2.258610954
Cerro Gordo,-3.24354816
Cherokee,-0.710164225
Chickasaw,-4.437931756
Clarke,-13.01793936
Clay,-8.031878463
Clayton,1.139958392
Clinton,0.064609222
Crawford,-20.5255242
Dallas,29.35563722
Davis,-4.228800356
Decatur,-4.949238579
Delaware,-5.455825414
Des Moines,-4.73654565
Dickinson,9.773408185
Dubuque,1.709287299
Emmet,-6.924533405
Fayette,-0.711942841
Floyd,-7.517360005
Franklin,-2.480774001
Fremont,-3.156158095
Greene,-7.393715342
Grundy,-2.366960496
Guthrie,-2.335466393
Hamilton,-7.14791463
Hancock,-6.091846298
Hardin,-2.841665927
Harrison,-2.060098032
Henry,-5.551804336
Howard,-1.091107474
Humboldt,-0.209237851
Ida,7.441996206
Iowa,1.979034602
Jackson,1.13209489
Jasper,-0.806733536
Jefferson,3.720828432
Johnson,-2.499262486
Jones,0.580354984
Keokuk,1.564103817
Kossuth,-5.254117409
Lee,-6.630553829
Linn,0.083983654
Louisa,-12.07860105
Lucas,-5.111227275
Lyon,-9.758167162
Madison,7.927728614
Mahaska,1.360143268
Marion,-0.571325475
Marshall,-14.03030647
Mills,2.452198694
Mitchell,1.039844969
Monona,0.810466597
Monroe,-7.625201939
Montgomery,-1.609819901
Muscatine,-8.53421871
O'Brien,-2.322964684
Osceola,-10.01168029
Page,-4.417194093
Palo Alto,-1.686435438
Plymouth,4.462062509
Pocahontas,-12.15030376
Polk,2.381162179
Pottawattamie,-2.402531238
Poweshiek,3.786751778
Ringgold,-7.118161481
Sac,2.985689282
Scott,-2.406390819
Shelby,-7.126406814
Sioux,-5.196893349
Story,-0.144405822
Tama,-2.31296148
Taylor,-7.654099829
Union,-3.993642773
Van Buren,5.691114747
Wapello,-1.915380217
Warren,6.030444965
Washington,-6.496604048
Wayne,6.694690954
Webster,-12.15342663
Winnebago,-15.41186043
Winneshiek,-0.599880024
Woodbury,1.040744667
Worth,-5.407597675
Wright,-9.583399335
Allen,-8.604744672
Anderson,0.509359481
Atchison,-5.706134094
Barber,-8.996851102
Barton,-9.452889883
Bourbon,-2.54505434
Brown,-5.215395849
Butler,-0.209355186
Chase,16.76829268
Chautauqua,-12.81660055
Cherokee,-2.20143093
Cheyenne,9.807619766
Clark,-0.501504514
Clay,1.749453296
Cloud,9.01826484
Coffey,-8.043385534
Comanche,-23.86495925
Cowley,-6.309148265
Crawford,-4.708667293
Decatur,-8.791981713
Dickinson,-11.57532034
Doniphan,-7.340411587
Douglas,5.99092732
Edwards,-9.255962976
Elk,23.13522138
Ellis,-4.895190475
Ellsworth,-7.664084794
Finney,-12.85019522
Ford,-17.83809411
Franklin,-4.963943012
Geary,-54.89782302
Gove,13.34095674
Graham,10.8936857
Grant,-30.32400997
Gray,-23.70689655
Greeley,-8.939455506
Greenwood,-2.334695239
Hamilton,-28.41019654
Harper,-6.944444444
Harvey,6.092228765
Haskell,-12.56597135
Hodgeman,-11.61504425
Jackson,-10.66525472
Jefferson,8.707353756
Jewell,13.27742837
Johnson,2.059093999
Kearny,-36.2514462
Kingman,-6.818814361
Kiowa,-7.655116841
Labette,-15.93968222
Lane,-4.543979228
Leavenworth,-0.502281707
Lincoln,-7.382550336
Linn,-3.697237342
Logan,-14.27042455
Lyon,-6.556883976
McPherson,1.647100053
Marion,-0.420044525
Marshall,-2.677376171
Meade,-17.46402656
Miami,11.88689793
Mitchell,-16.70940524
Montgomery,-7.165206508
Morris,10.37845576
Morton,-44.6969697
Nemaha,4.028296325
Neosho,-1.810689311
Ness,-8.294266138
Norton,-8.905380334
Osage,3.198795748
Osborne,-12.79069767
Ottawa,-5.412011173
Pawnee,-24.02402402
Phillips,-5.137963844
Pottawatomie,0.946657886
Pratt,-19.99567661
Rawlins,6.756756757
Reno,-4.858078164
Republic,-2.799310939
Rice,4.942166141
Riley,-13.18616393
Rooks,-11.09430156
Rush,-7.222586999
Russell,-3.198139264
Saline,-6.334533335
Scott,-17.46814632
Sedgwick,0.742089078
Seward,-35.63351027
Shawnee,-3.450369178
Sheridan,-4.759071981
Sherman,0.676018253
Smith,-2.788233654
Stafford,-2.163981726
Stanton,-14.88464401
Stevens,-15.06215407
Sumner,-7.850834151
Thomas,1.291405695
Trego,10
Wabaunsee,-0.722386766
Wallace,13.96740938
Washington,-5.711127487
Wichita,-3.308910423
Wilson,-16.28759234
Woodson,-12.65422335
Wyandotte,-5.714285714
Adair,1.92703315
Allen,9.237222235
Anderson,2.864193179
Ballard,-10.32745592
Barren,2.218097868
Bath,1.924310455
Bell,-14.9660123
Boone,7.104059786
Bourbon,-15.13632719
Boyd,-10.02021062
Boyle,-0.532074091
Bracken,3.618599602
Breathitt,-8.891686666
Breckinridge,7.453537979
Bullitt,6.700064542
Butler,9.835297791
Caldwell,4.477084397
Calloway,2.180465594
Campbell,-1.400709978
Carlisle,3.579324139
Carroll,-9.1833388
Carter,-8.098519605
Casey,15.7082749
Christian,-15.41371225
Clark,1.987769695
Clay,-9.052489435
Clinton,5.203730977
Crittenden,-7.90871088
Cumberland,-6.162170286
Daviess,3.695761732
Edmonson,-5.246116644
Elliott,2.663825253
Estill,0.353907135
Fayette,-2.171697301
Fleming,4.059726141
Floyd,-5.595579492
Franklin,2.455988683
Fulton,-10.30328209
Gallatin,8.505812305
Garrard,8.07162143
Grant,-4.388239518
Graves,-3.351880405
Grayson,5.728376328
Green,-2.370208305
Greenup,-3.265653841
Hancock,-5.38373425
Hardin,1.916496789
Harlan,-7.530724976
Harrison,4.885042213
Hart,2.477792129
Henderson,-6.65770155
Henry,3.168981266
Hickman,-5.447735785
Hopkins,-7.089510645
Jackson,-4.563818644
Jefferson,-4.130675281
Jessamine,2.96647879
Johnson,-6.370712667
Kenton,-0.138017942
Knott,-13.85449434
Knox,-3.843382176
Larue,5.784576785
Laurel,1.745243799
Lawrence,-13.85113269
Lee,51.60843999
Leslie,-20.67106052
Letcher,-8.485910621
Lewis,0.678144897
Lincoln,-4.27167877
Livingston,-2.277904328
Logan,2.477581585
Lyon,14.2848422
McCracken,3.121055651
McCreary,-3.360273457
McLean,-4.765773084
Madison,7.163927518
Magoffin,-9.802319882
Marion,-4.766962875
Marshall,1.219864531
Martin,-7.282415631
Mason,-1.522693997
Meade,-2.37783023
Menifee,12.68760638
Mercer,12.92540392
Metcalfe,1.588798967
Monroe,-7.857076045
Montgomery,-0.319909004
Morgan,-0.674637382
Muhlenberg,-4.395031986
Nelson,6.236012429
Nicholas,11.89159292
Ohio,-3.162844896
Oldham,1.485248779
Owen,1.836378661
Owsley,-12.37484531
Pendleton,-0.822537528
Perry,-13.97067313
Pike,-6.720060498
Powell,-0.404367165
Pulaski,6.668570502
Robertson,-10.38225578
Rockcastle,-2.864132705
Rowan,-3.92132835
Russell,8.736314507
Scott,13.63169635
Shelby,16.50134421
Simpson,6.544962813
Spencer,14.17700407
Taylor,9.125831172
Todd,-4.634146341
Trigg,0.204715275
Trimble,1.771060866
Union,-5.614862055
Warren,10.76443413
Washington,4.809685712
Wayne,-5.200794838
Webster,-11.00296234
Whitley,3.012506046
Wolfe,-3.900808025
Woodford,7.364960075
Acadia,-4.748147016
Allen,-0.468804938
Ascension,7.897813586
Assumption,-17.88544261
Avoyelles,-7.821617461
Beauregard,0.320572757
Bienville,-2.708396028
Bossier,-3.432246586
Caddo,-12.08603068
Calcasieu,-2.882347588
Caldwell,-4.727894578
Cameron,-8.723008723
Catahoula,-10.78534031
Claiborne,-10.13781087
Concordia,-17.65993049
De Soto,0.400808905
East Baton Rouge,-8.749406258
East Carroll,-21.50848069
East Feliciana,-5.882199839
Evangeline,-4.694204004
Franklin,-7.118146295
Grant,-4.104852203
Iberia,-17.26649376
Iberville,-6.717379302
Jackson,-6.760171847
Jefferson,-6.032016085
Jefferson Davis,-4.546538431
Lafayette,0.291280259
Lafourche,-6.196477415
La Salle,-0.671298627
Lincoln,-10.03686577
Livingston,5.51782228
Madison,-22.30550413
Morehouse,-17.33136778
Natchitoches,-13.75465652
Orleans,-4.096534844
Ouachita,-10.98586974
Plaquemines,-11.37778541
Pointe Coupee,-5.962072049
Rapides,-6.800680068
Red River,-8.250825083
Richland,-5.155533523
Sabine,-1.799727948
St. Bernard,4.892367906
St. Charles,3.872491145
St. Helena,-4.724641961
St. James,-5.112789074
St. John the Baptist,-9.26055191
St. Landry,-9.096091106
St. Martin,-4.747974167
St. Mary,-11.7754993
St. Tammany,7.711388088
Tangipahoa,2.613600402
Tensas,-29.07769196
Terrebonne,-9.502580948
Union,-5.185903362
Vermilion,-8.425672337
Vernon,-23.65748979
Washington,-7.695458171
Webster,-9.619872426
West Baton Rouge,-2.307765062
West Carroll,-8.254230293
West Feliciana,4.700579524
Winn,-12.19599173
Androscoggin,2.238761096
Aroostook,-0.089303655
Cumberland,4.511819745
Franklin,12.97534684
Hancock,8.621868193
Kennebec,4.419961857
Knox,5.08246424
Lincoln,10.31390784
Oxford,7.915042902
Penobscot,3.63857681
Piscataquis,8.648713131
Sagadahoc,7.184189193
Somerset,1.644003843
Waldo,4.434813284
Washington,6.889952153
York,9.924790211
Allegany,-4.103086511
Anne Arundel,2.767681859
Baltimore,-1.793105365
Calvert,3.22877729
Caroline,1.558939921
Carroll,0.837506014
Cecil,0.875916671
Charles,6.824067773
Dorchester,0.845215921
Frederick,14.01387782
Garrett,-1.100658675
Harford,4.837794484
Howard,4.593474428
Kent,6.79431748
Montgomery,-3.54807576
Prince George's,-5.980386444
Queen Anne's,3.302529618
St. Mary's,3.076515051
Somerset,2.7722463
Talbot,6.760487509
Washington,2.465984985
Wicomico,3.590560021
Worcester,11.37802679
Baltimore City,-16.10290877
Barnstable,4.37554665
Berkshire,-3.88287588
Bristol,1.487635359
Dukes,-1.154034794
Essex,-1.028393683
Franklin,-3.593979729
Hampden,-5.248406008
Hampshire,0.130447341
Middlesex,-1.013611397
Nantucket,10.35535691
Norfolk,3.275165691
Plymouth,4.62667272
Suffolk,-4.018533291
Worcester,0.496482446
Alcona,14.73633518
Alger,4.389333919
Allegan,4.701301572
Alpena,2.958319393
Antrim,5.230775827
Arenac,-1.873473621
Baraga,-7.13724067
Barry,4.528387943
Bay,-3.76157967
Benzie,3.715483998
Berrien,-2.552158104
Branch,-3.284223098
Calhoun,0.104396588
Cass,1.912821702
Charlevoix,1.223007835
Cheboygan,-2.953918866
Chippewa,-1.443657265
Clare,9.467455621
Clinton,2.468296246
Crawford,11.59876853
Delta,1.005207534
Dickinson,-2.529144438
Eaton,4.618643683
Emmet,6.362545018
Genesee,-2.237535708
Gladwin,10.16248154
Gogebic,-73.56227012
Grand Traverse,5.646004159
Gratiot,4.107584273
Hillsdale,-2.781823957
Houghton,-7.566978933
Huron,-2.958579882
Ingham,-0.489710934
Ionia,4.093880114
Iosco,7.087397969
Iron,4.330175913
Isabella,-11.40128977
Jackson,-1.072298124
Kalamazoo,-1.555462429
Kalkaska,12.94498382
Kent,-0.290008815
Keweenaw,18.54493581
Lake,2.191411353
Lapeer,-1.971195479
Leelanau,4.416331225
Lenawee,3.78448767
Livingston,3.465688897
Luce,-11.62790698
Mackinac,6.302131603
Macomb,0.719042666
Manistee,7.997878114
Marquette,6.417192666
Mason,2.850862128
Mecosta,0.345411212
Menominee,-3.36928698
Midland,-2.127672362
Missaukee,-0.86038585
Monroe,2.387968364
Montcalm,-2.503442233
Montmorency,16.66397893
Muskegon,-1.901113303
Newaygo,2.801091812
Oakland,-0.925911932
Oceana,-2.866734563
Ogemaw,9.742352969
Ontonagon,-0.520788126
Osceola,3.074492389
Oscoda,7.166717279
Otsego,2.474193352
Ottawa,2.520468058
Presque Isle,-1.897983393
Roscommon,17.60364617
Saginaw,-1.552461123
St. Clair,2.671620165
St. Joseph,-1.49332108
Sanilac,1.117019985
Schoolcraft,11.52559177
Shiawassee,0.748596382
Tuscola,-5.225118709
Van Buren,1.825904021
Washtenaw,-7.97195435
Wayne,-5.433535514
Wexford,4.949535608
Aitkin,5.224561735
Anoka,4.08242558
Becker,-0.14532349
Beltrami,5.280921606
Benton,4.25066647
Big Stone,0.400761447
Blue Earth,0.459153824
Brown,-4.667584226
Carlton,1.450629769
Carver,9.126554246
Cass,10.49080789
Chippewa,-10.71684739
Chisago,7.303355812
Clay,-3.025600636
Clearwater,-3.742981909
Cook,5.87803086
Cottonwood,-6.501892674
Crow Wing,4.620751796
Dakota,3.71636218
Dodge,3.453154601
Douglas,4.967083218
Faribault,-5.184563146
Fillmore,0.237467645
Freeborn,-5.332367802
Goodhue,-0.151124257
Grant,-2.173731293
Hennepin,0.576122686
Houston,1.237490584
Hubbard,8.601748399
Isanti,13.0360291
Itasca,3.193577361
Jackson,-3.84985563
Kanabec,3.253230212
Kandiyohi,2.160052956
Kittson,3.969180481
Koochiching,-12.16545012
Lac qui Parle,-0.150523068
Lake,5.929132747
Lake of the Woods,3.20984352
Le Sueur,6.19399739
Lincoln,-4.245157867
Lyon,-8.81367883
McLeod,0.613496933
Mahnomen,0.362844703
Marshall,-7.158502057
Martin,-4.916994044
Meeker,1.121487265
Mille Lacs,4.811272123
Morrison,7.634046646
Mower,-6.134357389
Murray,-7.660505837
Nicollet,-0.55496327
Nobles,-14.38683052
Norman,-14.78139101
Olmsted,6.101998722
Otter Tail,2.009947537
Pennington,-6.291531175
Pine,4.741985198
Pipestone,-2.191420588
Polk,-3.918757467
Pope,13.96348013
Ramsey,-3.438886529
Red Lake,12.1784516
Redwood,-7.494576293
Renville,-5.624721336
Rice,2.336413605
Rock,-10.25860227
Roseau,-2.506348316
St. Louis,-1.996213214
Scott,4.976300118
Sherburne,6.232045343
Sibley,-11.25175809
Stearns,2.675138979
Steele,-4.687478709
Stevens,0.102265174
Swift,-7.531335736
Todd,-0.893691352
Traverse,-10.07633588
Wabasha,-3.142909965
Wadena,-3.5030104
Waseca,-5.74095933
Washington,9.759484712
Watonwan,-14.6092038
Wilkin,-4.497630712
Winona,-5.275689347
Wright,8.540536605
Yellow Medicine,-10.45724831
Adams,-8.52001231
Alcorn,5.151634288
Amite,-0.730994152
Attala,-7.725604076
Benton,2.423948612
Bolivar,-16.06659864
Calhoun,-4.723370264
Carroll,4.429455882
Chickasaw,-1.520334474
Choctaw,-3.277693475
Claiborne,-10.74197121
Clarke,-2.570198548
Clay,-3.409090909
Coahoma,-24.81611482
Copiah,-12.85752236
Covington,-10.46421612
DeSoto,12.66364476
Forrest,-3.337583189
Franklin,-5.170965031
George,12.01398889
Greene,-31.25226597
Grenada,-8.863973935
Hancock,7.839005374
Harrison,5.830622351
Hinds,-20.66013206
Holmes,-25.01886573
Humphreys,-21.56862745
Issaquena,19.74183751
Itawamba,-3.07357367
Jackson,2.357503557
Jasper,-2.255547427
Jefferson,-14.76958035
Jefferson Davis,-4.475674708
Jones,-2.435910605
Kemper,3.388960205
Lafayette,6.712470133
Lamar,5.572313066
Lauderdale,-15.61296974
Lawrence,11.58424543
Leake,-1.316453474
Lee,0.070293828
Leflore,-17.00734168
Lincoln,-1.901613446
Lowndes,-5.589876869
Madison,4.388448471
Marion,-6.041561075
Marshall,-2.431782836
Monroe,-7.51465499
Montgomery,-18.91850878
Neshoba,-3.089121145
Newton,-16.56715361
Noxubee,-15.92979444
Oktibbeha,3.156744506
Panola,-1.111956458
Pearl River,5.141712822
Perry,3.432254824
Pike,-2.542329791
Pontotoc,4.464912965
Prentiss,1.274544948
Quitman,-33.65349895
Rankin,3.812342297
Scott,-11.87038251
Sharkey,-15.86936523
Simpson,-1.8735363
Smith,-7.575520426
Stone,16.56895935
Sunflower,-42.01009333
Tallahatchie,-10.87504501
Tate,-1.799957648
Tippah,-1.997548463
Tishomingo,4.591652479
Tunica,-36.71882991
Union,4.527250566
Walthall,-8.355964069
Warren,-16.83538492
Washington,-24.46455675
Wayne,-7.608883619
Webster,-6.161113108
Wilkinson,-13.43977945
Winston,-8.305877793
Yalobusha,-19.12624137
Yazoo,18.98508072
Adair,-8.185914717
Andrew,1.243851416
Atchison,-1.743172574
Audrain,-2.834032001
Barry,2.013957847
Barton,-4.757050629
Bates,-8.683335386
Benton,14.24883841
Bollinger,-3.782583669
Boone,3.026223562
Buchanan,-11.09800771
Butler,-0.916945865
Caldwell,-4.532640539
Callaway,-5.485133282
Camden,11.841506
Cape Girardeau,0.952326534
Carroll,-1.83855214
Carter,-14.09034397
Cass,8.359099307
Cedar,16.57012463
Chariton,-1.881341127
Christian,13.52774725
Clark,-6.016140866
Clay,9.429628376
Clinton,-1.322816129
Cole,-1.993939986
Cooper,3.848875053
Crawford,-0.041764116
Dade,5.421487603
Dallas,5.525846702
Daviess,-11.07633036
DeKalb,3.91030245
Dent,2.377892031
Douglas,-11.22664256
Dunklin,-8.804108584
Franklin,1.136347222
Gasconade,4.968352277
Gentry,-2.885564583
Greene,5.252165577
Grundy,-16.04035309
Harrison,-1.552609578
Henry,3.208654199
Hickory,14.20903063
Holt,1.361315939
Howard,-7.77666999
Howell,-0.049848585
Iron,-0.689247735
Jackson,-0.346204396
Jasper,4.326193322
Jefferson,1.637407646
Johnson,2.507359565
Knox,-1.514386673
Laclede,1.430193918
Lafayette,5.670498084
Lawrence,1.383468852
Lewis,-8.462911037
Lincoln,18.41784851
Linn,-6.594599107
Livingston,3.814785583
McDonald,-11.74672489
Macon,-2.509576014
Madison,-4.695996045
Maries,-6.526593004
Marion,-1.541966007
Mercer,-3.865801463
Miller,11.03388699
Mississippi,-12.34289155
Moniteau,-5.75530664
Monroe,1.736111111
Montgomery,6.423889926
Morgan,11.15957214
New Madrid,-9.316408525
Newton,0.154647147
Nodaway,-6.363533792
Oregon,0.663916157
Osage,-3.520739355
Ozark,16.99188774
Pemiscot,-27.51005895
Perry,-7.28976829
Pettis,-6.01556971
Phelps,-0.403931601
Pike,-11.7921965
Platte,11.1399639
Polk,-2.36160527
Pulaski,4.416657107
Putnam,-11.2240576
Ralls,4.770481429
Randolph,-1.495553759
Ray,3.872680199
Reynolds,2.708731676
Ripley,-5.017223304
St. Charles,4.880107692
St. Clair,5.429575216
Ste. Genevieve,0.782756982
St. Francois,8.346273292
St. Louis,-1.83570722
Saline,-5.651573898
Schuyler,8.428787551
Scotland,-14.02439024
Scott,-7.445880684
Shannon,-4.280036686
Shelby,-15.59486879
Stoddard,-6.141810633
Stone,12.59956326
Sullivan,-25.80749878
Taney,2.72286761
Texas,-3.37890932
Vernon,2.825478017
Warren,22.09756444
Washington,-8.336185893
Wayne,-13.99730821
Webster,5.535031928
Worth,-8.913097301
Wright,5.702379647
St. Louis City,-12.18553134
Beaverhead,6.573018818
Big Horn,-11.8423025
Blaine,-16.49944259
Broadwater,25.02234138
Carbon,4.48262981
Carter,15.31023368
Cascade,-7.224600439
Chouteau,-15.12087912
Custer,-14.69948682
Daniels,-24.56858731
Dawson,-6.592262765
Deer Lodge,6.787454157
Fallon,-26.74539771
Fergus,-3.699192493
Flathead,15.42101709
Gallatin,18.43301668
Garfield,-1.590457256
Glacier,-12.47235416
Golden Valley,-7.303712721
Granite,7.703703704
Hill,0.852982392
Jefferson,13.16060045
Judith Basin,31.36858083
Lake,8.437984113
Lewis and Clark,10.47416228
Liberty,-31.13822849
Lincoln,15.3857757
McCone,-4.200420042
Madison,11.09165207
Meagher,5.377789728
Mineral,25.27573529
Missoula,6.002350571
Musselshell,6.260118726
Park,-1.684007939
Petroleum,-38.03803804
Phillips,-25.45545296
Pondera,-11.62496841
Powder River,-25.86713698
Powell,-5.201184714
Prairie,2.794597112
Ravalli,17.31591777
Richland,-8.680395235
Roosevelt,-9.151452
Rosebud,-15.79796407
Sanders,23.4557596
Sheridan,-20.61239731
Silver Bow,6.661498263
Stillwater,17.35947712
Sweet Grass,8.870967742
Teton,2.446183953
Toole,-24.86678508
Treasure,26.29656684
Valley,-5.134441292
Wheatland,-29.23433875
Wibaux,-63.03151576
Yellowstone,5.607959443
Adams,-7.220446268
Antelope,-4.918292876
Arthur,6.486486487
Banner,20.40816327
Blaine,-31.74603175
Boone,-8.434774274
Box Butte,2.323852017
Boyd,-12.92323598
Brown,-2.701789936
Buffalo,0.929189686
Burt,1.235998455
Butler,-3.487141167
Cass,0.915384175
Cedar,-7.238208247
Chase,-1.272102786
Cherry,-16.41634649
Cheyenne,-41.11697449
Clay,-1.451027811
Colfax,-13.71076808
Cuming,-12.37275744
Custer,-4.628129773
Dakota,-10.39272509
Dawes,-12.95246906
Dawson,-15.12494983
Deuel,-13.83125864
Dixon,-14.99647142
Dodge,-5.839814436
Douglas,1.263933593
Dundy,-36.4477871
Fillmore,-13.27634809
Franklin,-14.35246996
Frontier,6.504687201
Furnas,-5.758771462
Gage,2.185639881
Garden,-28.97773008
Garfield,2.536139995
Gosper,-4.014049172
Grant,-64.0625
Greeley,-2.122691573
Hall,-5.936121462
Hamilton,4.735256134
Harlan,0.886786876
Hayes,-11.96302338
Hitchcock,-7.909401402
Holt,-9.992579767
Hooker,10.30927835
Howard,-3.87536816
Jefferson,-6.221719457
Johnson,-5.497741999
Kearney,-9.360135031
Keith,3.616636528
Keya Paha,2.481389578
Kimball,17.47572816
Knox,-8.723188146
Lancaster,2.627368368
Lincoln,-8.649481887
Logan,-5.322687957
Loup,68.69633099
McPherson,4.06504065
Madison,-6.259959026
Merrick,2.453512397
Morrill,-7.728638901
Nance,1.138790036
Nemaha,-2.728121186
Nuckolls,-10.05385996
Otoe,-0.500078137
Pawnee,-4.201680672
Perkins,-6.559640946
Phelps,0.44345898
Pierce,-2.518715455
Platte,0.11983762
Polk,-4.974648426
Red Willow,0.746651734
Richardson,-5.69512118
Rock,5.908419498
Saline,-12.11484594
Sarpy,9.233471063
Saunders,12.18146178
Scotts Bluff,-10.45525069
Seward,-1.21538328
Sheridan,11.88308577
Sherman,-13.89578164
Sioux,-23.80952381
Stanton,-13.62489487
Thayer,-1.991635132
Thomas,4.178272981
Thurston,-16.41605739
Valley,-9.33572711
Washington,4.01489866
Wayne,4.384323371
Webster,-11.39438826
Wheeler,-25.23659306
York,-7.510846976
Churchill,13.59910958
Clark,13.92574391
Douglas,13.86122348
Elko,-3.133397267
Esmeralda,54.11764706
Eureka,14.40278123
Humboldt,-3.332440715
Lander,-9.928693925
Lincoln,-9.404990403
Lyon,29.03205881
Mineral,1.105094486
Nye,36.72485798
Pershing,4.3251305
Storey,37.26554788
Washoe,12.59572613
White Pine,3.451882845
Carson City,13.53516082
Belknap,7.513393441
Carroll,8.437090433
Cheshire,3.539799718
Coos,8.628209805
Grafton,3.786465613
Hillsborough,3.972801222
Merrimack,5.495942604
Rockingham,4.381479995
Strafford,5.705947856
Sullivan,1.947600278
Atlantic,-0.894517103
Bergen,-2.713110544
Burlington,0.716778228
Camden,-2.08130929
Cape May,1.799604304
Cumberland,-9.561503455
Essex,-4.170148572
Gloucester,-0.085739616
Hudson,-7.682683167
Hunterdon,-3.186477137
Mercer,-4.934626396
Middlesex,-4.573549237
Monmouth,-2.304612291
Morris,-3.947548773
Ocean,7.059033776
Passaic,-8.374054362
Salem,-4.65112562
Somerset,-5.100779075
Sussex,-1.777531293
Union,-4.725260011
Warren,-2.077848146
Bernalillo,-0.075157222
Catron,-2.54201384
Chaves,-1.888998134
Cibola,-5.014876219
Colfax,-9.578544061
Curry,-16.86810727
De Baca,-15.31046215
Dona Ana,-0.440899895
Eddy,8.176333388
Grant,-8.508130605
Guadalupe,-7.412555015
Harding,-28.23529412
Hidalgo,-5.457349626
Lea,13.44114698
Lincoln,4.55359427
Los Alamos,16.58106734
Luna,-9.708737864
McKinley,-10.06435042
Mora,9.325044405
Otero,7.648212063
Quay,2.182479539
Rio Arriba,-1.488247973
Roosevelt,-19.80729488
Sandoval,9.539342937
San Juan,-14.82419816
San Miguel,-6.611026901
Santa Fe,4.031734079
Sierra,-1.747930083
Socorro,-5.698689301
Taos,2.201094433
Torrance,-3.422335583
Union,-11.99951022
Valencia,3.307340859
Albany,-4.332689094
Allegany,-4.890557545
Bronx,-15.79205514
Broome,-6.537434658
Cattaraugus,-7.327780795
Cayuga,-7.495266661
Chautauqua,-3.538083538
Chemung,-4.707541027
Chenango,-3.613235853
Clinton,-2.531582736
Columbia,-2.264226892
Cortland,-4.008268365
Delaware,-3.676926721
Dutchess,1.628816796
Erie,-1.072660803
Essex,-7.981340919
Franklin,-3.529376577
Fulton,-3.793825222
Genesee,-2.056340237
Greene,-0.719051698
Hamilton,4.068716094
Herkimer,-4.795500358
Jefferson,-27.29815065
Kings,-14.69138534
Lewis,-9.169792732
Livingston,-3.583689456
Madison,-3.012853905
Monroe,-2.907113807
Montgomery,-5.131065254
Nassau,-2.424793458
New York,-3.071434645
Niagara,-2.184379777
Oneida,-3.470516976
Onondaga,-4.044776654
Ontario,1.348427215
Orange,1.759952859
Orleans,-6.764847482
Oswego,-4.338579691
Otsego,-2.49784163
Putnam,-5.194436272
Queens,-14.09131531
Rensselaer,-3.18241996
Richmond,-2.711037239
Rockland,-8.208060358
St. Lawrence,-4.581912092
Saratoga,-1.556410084
Schenectady,-0.528387966
Schoharie,-2.252795881
Schuyler,-1.905242218
Seneca,-4.897719774
Steuben,-4.601571855
Suffolk,-4.219202409
Sullivan,0.503875198
Tioga,-3.518066305
Tompkins,-3.421326595
Ulster,-2.971985247
Warren,-1.919490633
Washington,1.143062428
Wayne,-3.875237344
Westchester,-3.440582027
Wyoming,-3.655391703
Yates,-3.529600513
Alamance,15.80248971
Alexander,5.425776447
Alleghany,3.052749719
Anson,-0.16354567
Ashe,8.765791315
Avery,6.61251247
Beaufort,2.785752259
Bertie,-3.048379891
Bladen,-8.956628664
Brunswick,47.14336789
Buncombe,8.492650591
Burke,2.620377025
Cabarrus,18.41373671
Caldwell,4.275169911
Camden,14.76117532
Carteret,5.759083154
Caswell,0.353684955
Catawba,5.731559399
Chatham,19.51259172
Cherokee,13.05698391
Chowan,-4.71293916
Clay,16.19324536
Cleveland,5.607113258
Columbus,-1.904299945
Craven,-4.831839278
Cumberland,-1.937396384
Currituck,26.28744592
Dare,11.68224299
Davidson,7.809154797
Davie,7.165521198
Duplin,-5.453062889
Durham,7.994148484
Edgecombe,-9.047324466
Forsyth,5.42868061
Franklin,28.69419562
Gaston,7.773521275
Gates,3.978378378
Graham,0.946633535
Granville,7.673016558
Greene,-0.901007706
Guilford,5.756318349
Halifax,-9.121259091
Harnett,6.400011838
Haywood,9.774006296
Henderson,10.90985264
Hertford,-5.803806119
Hoke,0.98245231
Hyde,-14.65422062
Iredell,18.22079314
Jackson,7.950832781
Johnston,28.50756375
Jones,-17.65447667
Lee,5.854277281
Lenoir,2.179758619
Lincoln,24.33564626
McDowell,8.068317602
Macon,18.72574931
Madison,6.034085675
Martin,-6.784922395
Mecklenburg,7.909782923
Mitchell,3.337783712
Montgomery,3.612903226
Moore,21.04314295
Nash,2.017070789
New Hanover,8.745974645
Northampton,-4.594063449
Onslow,-9.19329472
Orange,1.30879456
Pamlico,13.48633621
Pasquotank,3.677257673
Pender,15.27059332
Perquimans,8.493518105
Person,2.179256519
Pitt,3.025113997
Polk,10.05025126
Randolph,3.220454767
Richmond,-1.35983147
Robeson,-12.02244494
Rockingham,7.686081915
Rowan,6.758092763
Rutherford,6.800992497
Sampson,0.788171128
Scotland,1.897260471
Stanly,10.12913446
Stokes,5.554213958
Surry,-0.44524217
Swain,7.012622721
Transylvania,10.09364334
Tyrrell,-20.41569303
Union,13.17667636
Vance,-3.25221487
Wake,12.72971729
Warren,1.061946903
Washington,-13.87639728
Watauga,2.923064584
Wayne,-2.662683465
Wilkes,0.029202409
Wilson,5.061491608
Yadkin,6.280938947
Yancey,12.52017139
Adams,-23.59750668
Barnes,-7.162639671
Benson,-28.42639594
Billings,6.500541712
Bottineau,-13.72239748
Bowman,-14.77589887
Burke,5.702066999
Burleigh,-0.733360572
Cass,1.336215584
Cavalier,-14.5252872
Dickey,-13.46526573
Divide,-0.883392226
Dunn,10.511883
Eddy,-7.832898172
Emmons,-6.442705936
Foster,-0.935016363
Golden Valley,-6.810442679
Grand Forks,-19.42692016
Grant,-35.86862576
Griggs,5.382372729
Hettinger,-6.797281088
Kidder,6.892357592
LaMoure,-10.34355375
Logan,-17.12603693
McHenry,-11.59871895
McIntosh,-19.35611298
McKenzie,85.68034104
McLean,-9.694925971
Mercer,-10.45402054
Morton,5.190477716
Mountrail,20.88144727
Nelson,7.633587786
Oliver,-0.512295082
Pembina,-11.68224299
Pierce,-20.3853325
Ramsey,-9.004718819
Ransom,3.447615399
Renville,-9.39167556
Richland,-7.159168055
Rolette,-14.93426819
Sargent,8.775325849
Sheridan,-24.84004516
Sioux,-35.7848263
Slope,-25.14890801
Stark,10.45173287
Steele,-8.989952406
Stutsman,-8.706318093
Towner,3.200731596
Traill,1.494768311
Walsh,0.187916941
Ward,-10.06250277
Wells,-17.82485146
Williams,44.45782803
Adams,-0.577700751
Allen,-4.964013341
Ashland,-4.272786641
Ashtabula,-3.213090521
Athens,-2.705470553
Auglaize,-3.216911765
Belmont,-4.102899531
Brown,-2.528677502
Butler,0.410385632
Carroll,-4.963330617
Champaign,2.317497103
Clark,-2.471976204
Clermont,2.233259053
Clinton,-2.998108336
Columbiana,-3.748360704
Coshocton,-1.256899284
Crawford,1.301549808
Cuyahoga,-5.750992212
Darke,-3.886263329
Defiance,-0.971434573
Delaware,15.56963125
Erie,-1.424932282
Fairfield,8.151653931
Fayette,-5.14183777
Franklin,0.478575734
Fulton,-4.71603095
Gallia,-0.267366275
Geauga,-4.392464578
Greene,7.556862267
Guernsey,-2.516498472
Hamilton,-0.906352922
Hancock,-3.902361852
Hardin,-3.21743147
Harrison,-4.502267686
Henry,-5.064975877
Highland,1.484694884
Hocking,-1.730806591
Holmes,-9.49032192
Huron,-3.532538798
Jackson,1.296716529
Jefferson,-2.547692965
Knox,5.055465216
Lake,1.520909243
Lawrence,-1.996141911
Licking,5.349929651
Logan,6.417300338
Lorain,2.326765069
Lucas,-4.67387757
Madison,6.620287253
Mahoning,0.262066526
Marion,-5.148636224
Medina,3.607230071
Meigs,-4.00252333
Mercer,-0.901076421
Miami,7.98013416
Monroe,-3.789949346
Montgomery,-0.827622269
Morgan,-3.231462065
Morrow,4.287275876
Muskingum,0.673064649
Noble,5.491640888
Ottawa,-1.082490713
Paulding,-4.597209601
Perry,1.274714921
Pickaway,6.281428596
Pike,-4.164871463
Portage,0.455429458
Preble,-2.61316596
Putnam,-1.507470848
Richland,2.073172243
Ross,-2.748290459
Sandusky,-3.394224701
Scioto,-0.411156943
Seneca,-0.761062588
Shelby,-4.217586306
Stark,-1.396501198
Summit,-0.790860023
Trumbull,-0.580056644
Tuscarawas,-1.488596482
Union,15.32927978
Van Wert,-0.742994622
Vinton,-3.583682806
Warren,9.456710685
Washington,-1.09979837
Wayne,-3.257019438
Williams,-1.606950743
Wood,1.370292967
Wyandot,-5.172808423
Adair,-2.476473502
Alfalfa,-9.767157931
Atoka,-4.210067869
Beaver,-2.446137925
Beckham,3.809174144
Blaine,-3.81295345
Bryan,15.82165445
Caddo,-8.686623983
Canadian,21.41890876
Carter,-2.408537851
Cherokee,0.637440369
Choctaw,-0.953353762
Cimarron,-18.59600186
Cleveland,7.859443009
Coal,-4.176123468
Comanche,-2.594528281
Cotton,-24.55162807
Craig,-5.695801983
Creek,-1.68933069
Custer,-3.896686093
Delaware,8.808827471
Dewey,-6.719609041
Ellis,-18.72274942
Garfield,-4.633609221
Garvin,-0.360639775
Grady,6.326270196
Grant,2.773284031
Greer,-17.52559431
Harmon,-15.71856287
Harper,-6.743088334
Haskell,0.712504453
Hughes,-0.902798676
Jackson,-15.77933272
Jefferson,-13.54476379
Johnston,7.600090477
Kay,-8.344573741
Kingfisher,-5.319991133
Kiowa,-3.440366972
Latimer,-10.56894508
Le Flore,-3.001620875
Lincoln,1.922139025
Logan,13.43705057
Love,9.407614288
McClain,13.9371088
McCurtain,-4.528944209
McIntosh,-0.610050583
Major,-1.310959622
Marshall,10.27987403
Mayes,-0.826145061
Murray,10.41332335
Muskogee,-3.565114693
Noble,-12.76215975
Nowata,-18.96433134
Okfuskee,-5.150785079
Oklahoma,3.572987109
Okmulgee,7.058578387
Osage,-1.105395179
Ottawa,-4.19562502
Pawnee,1.649761701
Payne,-7.538607919
Pittsburg,-2.46789452
Pontotoc,0.940488009
Pottawatomie,1.07508356
Pushmataha,-5.473797559
Roger Mills,-21.3030848
Rogers,6.056659069
Seminole,-8.733445406
Sequoyah,0.481035188
Stephens,1.088946039
Texas,-35.28190937
Tillman,-9.606807109
Tulsa,1.965772166
Wagoner,12.53934032
Washington,-3.329526317
Washita,-8.655247813
Woods,-10.96912812
Woodward,-6.21869062
Baker,9.266745444
Benton,5.380198927
Clackamas,5.669365393
Clatsop,13.26077438
Columbia,2.179753153
Coos,8.589690818
Crook,24.2592631
Curry,13.47331584
Deschutes,27.95709413
Douglas,11.52450994
Gilliam,16.81997372
Grant,5.283648498
Harney,15.66224038
Hood River,1.543441446
Jackson,7.316823926
Jefferson,19.4230454
Josephine,7.638701993
Klamath,9.093249954
Lake,10.18848701
Lane,9.773657141
Lincoln,19.33740649
Linn,16.22861586
Malheur,-3.828283489
Marion,2.573460468
Morrow,14.28384793
Multnomah,1.850884781
Polk,11.08272883
Sherman,43.67816092
Tillamook,14.84761657
Umatilla,3.20523135
Union,5.118051405
Wallowa,22.43095472
Wasco,9.451368754
Washington,2.788494914
Wheeler,-8.19977637
Yamhill,5.068699143
Adams,0.038821571
Allegheny,-0.124109963
Armstrong,-5.811495384
Beaver,-0.468781867
Bedford,-2.062886791
Berks,-0.420580901
Blair,-1.596188792
Bradford,-6.225385371
Bucks,1.463280264
Butler,2.604589724
Cambria,-5.694826117
Cameron,-4.470272687
Carbon,3.505846974
Centre,-1.636993594
Chester,3.520282692
Clarion,-4.253663597
Clearfield,-1.284416378
Clinton,-0.853507138
Columbia,-0.476267293
Crawford,-5.007688274
Cumberland,7.881054745
Dauphin,2.424513161
Delaware,0.92051259
Elk,-3.5988004
Erie,-6.917039862
Fayette,-3.613292912
Forest,3.028009084
Franklin,2.319076504
Fulton,1.101359491
Greene,-9.904793261
Huntingdon,-1.590474823
Indiana,-2.741611973
Jefferson,-2.941210262
Juniata,0.929649765
Lackawanna,-0.447679804
Lancaster,-0.376252761
Lawrence,-4.509438359
Lebanon,2.712515717
Lehigh,0.111159762
Luzerne,0.89724781
Lycoming,-3.336781634
McKean,-4.511186025
Mercer,-6.102912754
Mifflin,-2.533866095
Monroe,6.2668414
Montgomery,3.959371206
Montour,0.054839594
Northampton,3.151599822
Northumberland,-0.285835216
Perry,1.904226084
Philadelphia,-3.028737969
Pike,2.688437032
Potter,-2.654680383
Schuylkill,0.353139766
Snyder,-4.598837928
Somerset,-1.629117765
Sullivan,7.741722945
Susquehanna,-2.719810108
Tioga,-0.393695944
Union,-1.645541472
Venango,-5.988082734
Warren,-6.222854385
Washington,2.1696953
Wayne,4.028961812
Westmoreland,0.097232033
Wyoming,-8.574451105
York,1.094876269
Bristol,0.556036081
Kent,2.29027395
Newport,-4.130499487
Providence,0.746149337
Washington,-0.866199925
Abbeville,-0.570102211
Aiken,8.298048019
Allendale,-24.64228935
Anderson,10.92217947
Bamberg,-9.386689251
Barnwell,-9.669659657
Beaufort,16.00533336
Berkeley,24.83249423
Calhoun,3.09108394
Charleston,9.843107134
Cherokee,3.584887513
Chester,0.278862242
Chesterfield,-3.386830691
Clarendon,3.319157764
Colleton,3.370801428
Darlington,-0.50983303
Dillon,-5.663682048
Dorchester,9.445888597
Edgefield,8.788057067
Fairfield,3.130380341
Florence,-0.253100481
Georgetown,12.87306264
Greenville,13.65296201
Greenwood,2.941842046
Hampton,-4.303863106
Horry,30.38731799
Jasper,28.19993246
Kershaw,12.40621671
Lancaster,30.8525903
Laurens,9.971499371
Lee,-21.21798253
Lexington,12.71286461
McCormick,16.53330507
Marion,-9.592792442
Marlboro,-8.874500095
Newberry,1.482772525
Oconee,18.91633355
Orangeburg,-7.286878999
Pickens,13.47829709
Richland,0.37833103
Saluda,2.446782481
Spartanburg,15.50348466
Sumter,0.45981326
Union,2.891654466
Williamsburg,-4.723324696
York,23.21720525
Aurora,-18.06358382
Beadle,-3.904978848
Bennett,-38.31529687
Bon Homme,-2.172181594
Brookings,-6.870598968
Brown,-11.64341403
Brule,7.599506032
Buffalo,-32.08824267
Butte,13.73174741
Campbell,4.376367615
Charles Mix,-9.772861515
Clark,-6.700616457
Clay,2.637864043
Codington,-3.711502088
Corson,-30.25169409
Custer,20.5802969
Davison,-2.67954195
Day,-11.892782
Deuel,-2.987475583
Dewey,-16.9247694
Douglas,-5.130836326
Edmunds,-8.057179987
Fall River,3.865308853
Faulk,-13.43736454
Grant,-8.901448252
Gregory,-0.238834488
Haakon,-5.787950539
Hamlin,5.067843714
Hand,-18.34862385
Hanson,17.6030512
Harding,27.45098039
Hughes,-12.78082309
Hutchinson,-3.973419196
Hyde,16.32970451
Jackson,0.604047116
Jerauld,-6.43723694
Jones,-30.58438012
Kingsbury,-0.202736949
Lake,-21.35231317
Lawrence,4.925248686
Lincoln,28.51829924
Lyman,-16.34805537
McCook,-7.151157594
McPherson,-8.368200837
Marshall,-3.652597403
Meade,2.759303806
Mellette,7.814407814
Miner,3.167420815
Minnehaha,3.571744688
Moody,7.340571953
Oglala Lakota,-18.66142837
Pennington,10.98682025
Perkins,-19.74709856
Potter,-21.56457903
Roberts,-3.370245546
Sanborn,-29.11392405
Spink,-18.81804044
Stanley,16.68029436
Sully,6.502890173
Todd,-17.23631378
Tripp,-14.81888035
Turner,-5.831250744
Union,18.47501746
Walworth,-9.897360704
Yankton,0.131656902
Ziebach,5.090909091
Anderson,10.88311095
Bedford,7.505639345
Benton,0.432018762
Bledsoe,14.55905433
Blount,14.46945946
Bradley,8.70979736
Campbell,4.821879277
Cannon,14.6301257
Carroll,-4.018513867
Carter,4.645060634
Cheatham,2.907513952
Chester,1.852816861
Claiborne,6.42542588
Clay,-3.531258174
Cocke,7.848376054
Coffee,10.72982375
Crockett,-2.383790226
Cumberland,18.4104176
Davidson,-1.080409631
Decatur,1.198527523
DeKalb,17.92088226
Dickson,7.393336686
Dyer,-3.03579824
Fayette,14.51847862
Fentress,14.87311711
Franklin,7.511022902
Gibson,0.793457031
Giles,3.055508403
Grainger,10.97789354
Greene,2.213653759
Grundy,7.245564893
Hamblen,3.905435966
Hamilton,8.212026548
Hancock,12.59388514
Hardeman,-6.159837857
Hardin,3.116174895
Hawkins,5.198283685
Haywood,0.057718392
Henderson,4.991087344
Henry,5.936828435
Hickman,7.970509116
Houston,-2.312138728
Humphreys,2.962324617
Jackson,6.620549166
Jefferson,12.46002562
Johnson,5.51150104
Knox,7.356623257
Lake,-49.92026624
Lauderdale,-14.7975983
Lawrence,7.416423055
Lewis,16.02169091
Lincoln,6.593246299
Loudon,20.7559496
McMinn,9.819845048
McNairy,-1.203322723
Macon,10.26773844
Madison,1.809936243
Marion,11.85983828
Marshall,14.66684267
Maury,18.85030945
Meigs,11.8127756
Monroe,7.908289698
Montgomery,7.680332123
Moore,3.398995751
Morgan,-4.704567157
Obion,-3.844687868
Overton,11.55521452
Perry,3.472652859
Pickett,5.544005544
Polk,-1.007407407
Putnam,19.03371183
Rhea,8.232694694
Roane,7.070517629
Robertson,6.000335683
Rutherford,17.0185042
Scott,3.265602322
Sequatchie,9.158672327
Sevier,4.068418772
Shelby,-3.852618398
Smith,9.31831772
Stewart,9.877807858
Sullivan,7.608871108
Sumner,17.50916776
Tipton,-0.470874772
Trousdale,20.97056056
Unicoi,9.46646128
Union,14.87607473
Van Buren,16.33003868
Warren,10.96184062
Washington,6.665736564
Wayne,6.66506545
Weakley,-1.018863967
White,12.30916206
Williamson,22.99793788
Wilson,22.59016635
Anderson,-1.244501292
Andrews,32.51988234
Angelina,-1.924794698
Aransas,10.05196354
Archer,-8.346374544
Armstrong,5.310674456
Atascosa,11.01749199
Austin,0.500025001
Bailey,-14.27042455
Bandera,16.25130708
Bastrop,20.08920932
Baylor,-13.8378989
Bee,0.399803174
Bell,10.74728429
Bexar,4.934825124
Blanco,28.58475762
Borden,9.223674097
Bosque,6.592699791
Bowie,-5.499296539
Brazoria,8.601212943
Brazos,8.589162007
Brewster,-9.201623816
Briscoe,19.6206671
Brooks,-4.368658399
Brown,2.748269119
Burleson,6.253738648
Burnet,17.42426622
Caldwell,7.325079182
Calhoun,-12.10450063
Callahan,-1.145598396
Cameron,-5.668979844
Camp,4.985236032
Carson,-11.3969664
Cass,0.798243864
Castro,-13.89072629
Chambers,30.79103923
Cherokee,1.847144068
Childress,-3.556528281
Clay,6.69248052
Cochran,-3.166783955
Coke,13.05250668
Coleman,-18.98198525
Collin,23.59152875
Collingsworth,-5.458887752
Colorado,8.318145708
Comal,50.50106785
Comanche,10.15639374
Concho,17.74819745
Cooke,15.63092428
Coryell,10.32569745
Cottle,11.51079137
Crane,1.465661642
Crockett,4.925394756
Crosby,-4.52134597
Culberson,-16.49484536
Dallam,-19.32830706
Dallas,-5.753992599
Dawson,5.526388505
Deaf Smith,-17.55374829
Delta,-0.937822376
Denton,26.02139354
DeWitt,2.831172702
Dickens,-1.806276812
Dimmit,-10.82730449
Donley,-9.707265281
Duval,-0.807030129
Eastland,5.398184247
Ector,15.61324017
Edwards,10.41666667
Ellis,26.82556784
El Paso,-4.356638145
Erath,7.748377904
Falls,2.722428174
Fannin,12.6168687
Fayette,4.859355247
Fisher,5.228074762
Floyd,-15.48499348
Foard,-26.42796249
Fort Bend,22.31197129
Franklin,-2.976328884
Freestone,-3.341264618
Frio,0.049361996
Gaines,17.11098506
Galveston,9.641219005
Garza,-5.131494548
Gillespie,15.23561185
Glasscock,7.857142857
Goliad,7.870916962
Gonzales,-0.768898073
Gray,-7.783872363
Grayson,16.91117375
Gregg,3.06639266
Grimes,18.50588585
Guadalupe,17.49045053
Hale,-10.5613318
Hall,-19.36884288
Hamilton,1.180776951
Hansford,-20.60907167
Hardeman,3.052658357
Hardin,7.51466755
Harris,-1.18381369
Harrison,-0.796172364
Hartley,-12.87208367
Haskell,-2.817645505
Hays,26.33269816
Hemphill,-12.52609603
Henderson,10.25236593
Hidalgo,-3.530896791
Hill,13.89842613
Hockley,-2.391720299
Hood,25.72648169
Hopkins,7.77545989
Houston,-0.347554088
Howard,17.8814972
Hudspeth,15.71221832
Hunt,18.02254098
Hutchinson,-10.6522101
Irion,11.14023591
Jack,11.48648649
Jackson,-9.461377306
Jasper,-6.479845157
Jeff Davis,15.05423954
Jefferson,-9.762301431
Jim Hogg,1.732101617
Jim Wells,-9.281370787
Johnson,23.05887507
Jones,10.96397907
Karnes,-4.350468635
Kaufman,53.85107003
Kendall,39.03949094
Kenedy,-92.74673008
Kent,52.41935484
Kerr,7.675094034
Kimble,3.688760807
King,-29.19708029
Kinney,-5.979073244
Kleberg,-6.514445784
Knox,-0.546000546
Lamar,3.494396915
Lamb,-18.15663948
Lampasas,14.05009163
La Salle,-3.197229068
Lavaca,2.930366544
Lee,5.766542405
Leon,9.173782599
Liberty,23.47992484
Limestone,5.130397606
Lipscomb,-34.37262357
Live Oak,3.120509136
Llano,17.46745017
Loving,126.1829653
Lubbock,5.228115355
Lynn,12.88244767
McCulloch,3.131654766
McLennan,4.686591532
McMullen,17.63907734
Madison,-7.749502566
Marion,0.910516465
Martin,9.954593084
Mason,5.156451424
Matagorda,-1.966971274
Maverick,-3.487239098
Medina,11.36208344
Menard,13.15171442
Midland,14.03802059
Milam,-8.141493543
Mills,6.560065601
Mitchell,-1.757469244
Montague,14.61854728
Montgomery,23.99844298
Moore,-18.37089213
Morris,8.019116277
Motley,-23.02631579
Nacogdoches,-1.88700955
Navarro,8.770785457
Newton,-6.874862868
Nolan,-6.776674686
Nueces,-3.38248288
Ochiltree,-10.7603289
Oldham,-8.983451537
Orange,-1.797806676
Palo Pinto,10.54027522
Panola,2.935082873
Parker,31.35099734
Parmer,-20.69964811
Pecos,1.522263098
Polk,30.22466143
Potter,-15.28844769
Presidio,-29.79351032
Rains,29.11479664
Randall,11.26538017
Reagan,19.77587343
Real,-1.154567759
Red River,-4.882893321
Reeves,24.19892661
Refugio,-9.463722397
Roberts,-51.36986301
Robertson,-10.84769486
Rockwall,38.30410638
Runnels,10.37080521
Rusk,1.913400241
Sabine,1.136471257
San Augustine,2.910678552
San Jacinto,5.523134639
San Patricio,-4.07793045
San Saba,1.485761453
Schleicher,-28.55631941
Scurry,-7.757720424
Shackelford,3.373715688
Shelby,-2.96554042
Sherman,-33.97027601
Smith,9.565405405
Somervell,12.9970261
Starr,-6.160674105
Stephens,-5.327366683
Sterling,-5.394990366
Stonewall,2.22057735
Sutton,3.98512221
Swisher,-3.916272789
Tarrant,3.538273899
Taylor,0.777254765
Terrell,-39.09205549
Terry,-5.591345569
Throckmorton,-3.327787022
Titus,-6.2296734
Tom Green,6.373991417
Travis,14.48903919
Trinity,3.885613007
Tyler,6.700399714
Upshur,13.55327256
Upton,-1.096791884
Uvalde,-6.389179495
Val Verde,-7.019477008
Van Zandt,11.53203739
Victoria,-1.424207173
Walker,-2.299684478
Waller,25.45100131
Ward,15.69156789
Washington,11.40407408
Webb,-6.636799258
Wharton,-2.046836434
Wheeler,-18.21029959
Wichita,1.552812674
Wilbarger,-1.409222579
Willacy,-7.615398991
Williamson,35.11107039
Wilson,14.95072384
Winkler,19.25513048
Wise,22.33343941
Wood,13.78230573
Yoakum,2.774085419
Young,3.389265474
Zapata,-5.295114374
Zavala,-14.8683271
Beaver,4.949381327
Box Elder,12.72622395
Cache,1.99458948
Carbon,8.944367997
Daggett,-31.18503119
Davis,2.009674744
Duchesne,-11.53431459
Emery,-0.79940045
Garfield,7.36098677
Grand,4.218106996
Iron,30.59981212
Juab,21.90645352
Kane,25.3164557
Millard,7.870105062
Morgan,5.897009967
Piute,28.11107302
Rich,2.834581899
Salt Lake,1.72186136
San Juan,-7.043631383
Sanpete,8.170306956
Sevier,0.139156249
Summit,-0.047599215
Tooele,22.46780271
Uintah,0.702849351
Utah,8.290962866
Wasatch,21.23350904
Washington,29.13013465
Wayne,12.63470829
Weber,9.102362815
Addison,-1.412084182
Bennington,2.112973658
Caledonia,-7.903169569
Chittenden,-0.568207854
Essex,-10.16374929
Franklin,-0.628420839
Grand Isle,15.89403974
Lamoille,0.86858677
Orange,1.142263759
Orleans,7.904111622
Rutland,-4.007295333
Washington,5.648650505
Windham,-7.919205251
Windsor,-0.689242378
Accomack,-4.807618226
Albemarle,7.248274056
Alleghany,-0.536085238
Amelia,6.793374552
Amherst,0.031601068
Appomattox,2.075993961
Arlington,-4.453683594
Augusta,3.33569391
Bath,-17.61904762
Bedford,3.901722205
Bland,2.702058333
Botetourt,6.050530919
Brunswick,-1.289649031
Buchanan,-11.37516815
Buckingham,7.955309877
Campbell,-2.763083747
Caroline,-2.57010866
Carroll,7.928509037
Charles City,0.572942777
Charlotte,-1.76292814
Chesterfield,9.382626593
Clarke,8.85684861
Craig,9.967751393
Culpeper,11.83908046
Cumberland,11.11728738
Dickenson,-8.736652337
Dinwiddie,-0.1049373
Essex,6.041466429
Fairfax,-7.898971905
Fauquier,6.555574353
Floyd,0.570721963
Fluvanna,10.92896175
Franklin,1.42560566
Frederick,10.65999572
Giles,-1.611026582
Gloucester,3.293657701
Goochland,24.09946351
Grayson,0
Greene,2.530940751
Greensville,-6.763879129
Halifax,-3.554015156
Hanover,7.72413022
Henrico,2.440092693
Henry,-2.893501432
Highland,-1.81900864
Isle of Wight,4.400588545
James City,7.249796796
King and Queen,2.132196162
King George,4.003891633
King William,9.804209352
Lancaster,4.88285835
Lee,-4.333142165
Loudoun,11.24459747
Louisa,21.48571429
Lunenburg,2.048256933
Madison,0.980798974
Mathews,11.80074889
Mecklenburg,4.378298018
Middlesex,-8.538587849
Montgomery,-1.380241238
Nelson,5.437701396
New Kent,30.91966173
Northampton,1.533807678
Northumberland,1.731030788
Nottoway,-7.443196657
Orange,9.395918478
Page,-0.543092284
Patrick,1.871225653
Pittsylvania,-4.453424601
Powhatan,14.882267
Prince Edward,-3.369213267
Prince George,7.727975271
Prince William,-0.565894701
Pulaski,3.289908499
Rappahannock,5.980292219
Richmond,9.670427388
Roanoke,4.98215348
Rockbridge,-2.249966912
Rockingham,7.426061063
Russell,-2.95985463
Scott,1.017623387
Shenandoah,4.064807266
Smyth,-4.920902276
Southampton,0.113173382
Spotsylvania,12.90031307
Stafford,13.9343125
Surry,-4.656577416
Sussex,-3.482142857
Tazewell,-6.098979829
Warren,2.394910815
Washington,-1.447030341
Westmoreland,13.34003126
Wise,-9.274761487
Wythe,3.032309784
York,3.493424143
Alexandria City,-8.835248056
Bristol City,11.12207373
Buena Vista City,-4.933703361
Charlottesville City,-10.48832989
Chesapeake City,6.371178627
Colonial Heights City,-11.75660951
Covington City,-5.937387549
Danville City,-9.641480674
Emporia City,1.120552806
Fairfax City,-7.330764075
Falls Church City,2.06298996
Franklin City,-20.80219233
Fredericksburg City,-12.47272665
Galax City,7.562032296
Hampton City,-1.443237613
Harrisonburg City,-14.553444
Hopewell City,0.088875064
Lexington City,12.34484162
Lynchburg City,5.542064021
Manassas City,-12.2487246
Manassas Park City,-12.27412206
Martinsville City,-1.350224376
Newport News City,-2.141171998
Norfolk City,-8.508678317
Norton City,4.275116308
Petersburg City,3.20502548
Poquoson City,9.001636661
Portsmouth City,-7.46505382
Radford City,5.612104539
Richmond City,1.005097279
Roanoke City,0.40373047
Salem City,1.620745543
Staunton City,15.27457874
Suffolk City,9.154317987
Virginia Beach City,-4.603127504
Waynesboro City,-0.310001993
Williamsburg City,-3.338229403
Winchester City,1.284796574
Adams,-2.064503135
Asotin,0.486747201
Benton,9.840365218
Chelan,3.715443775
Clallam,15.67434788
Clark,10.28393223
Columbia,-12.21335992
Cowlitz,15.37304247
Douglas,10.76840957
Ferry,1.048149361
Franklin,1.099220505
Garfield,-6.270996641
Grant,3.045189167
Grays Harbor,18.9034139
Island,8.962732039
Jefferson,21.51109166
King,5.884655398
Kitsap,5.710597708
Kittitas,9.591470517
Klickitat,12.9709836
Lewis,14.37520278
Lincoln,20.86314332
Mason,21.00675001
Okanogan,2.726410621
Pacific,24.91862162
Pend Oreille,13.25521787
Pierce,7.774348209
San Juan,28.87108857
Skagit,9.337068161
Skamania,13.16556954
Snohomish,5.957892342
Spokane,15.59820957
Stevens,12.18291972
Thurston,12.87912423
Wahkiakum,19.54397394
Walla Walla,1.86199794
Whatcom,15.35942822
Whitman,5.451611933
Yakima,-5.344660823
Barbour,-0.425170068
Berkeley,13.662878
Boone,-19.4885971
Braxton,-4.851425106
Brooke,-3.812290097
Cabell,-10.95253541
Calhoun,-9.912048025
Clay,-12.83023269
Doddridge,-9.527170078
Fayette,-7.167283459
Gilmer,-5.470389924
Grant,-5.0866454
Greenbrier,0.950269243
Hampshire,-5.415627955
Hancock,-2.45297034
Hardy,2.033405955
Harrison,-0.771799629
Jackson,-1.11749402
Jefferson,3.121821179
Kanawha,-9.209726274
Lewis,-1.566219772
Lincoln,-3.317720531
Logan,-14.01869159
McDowell,-24.71753383
Marion,1.105533911
Marshall,-5.769983049
Mason,-4.843433206
Mercer,-3.577483893
Mineral,0.408762379
Mingo,-15.27234268
Monongalia,-3.569011138
Monroe,3.162174371
Morgan,6.776054208
Nicholas,-9.405850277
Ohio,-2.574714856
Pendleton,-2.006736902
Pleasants,-5.078516539
Pocahontas,-12.96907835
Preston,-1.881018138
Putnam,-1.733102253
Raleigh,-6.47990619
Randolph,-1.773635431
Ritchie,-12.33032846
Roane,-11.80902702
Summers,-3.168944345
Taylor,-3.698952958
Tucker,-4.06504065
Tyler,-13.27101725
Upshur,-5.479113455
Wayne,-8.921033731
Webster,-13.79057847
Wetzel,-6.001846722
Wirt,2.751031637
Wood,-5.402568904
Wyoming,-11.02530477
Adams,0.443776041
Ashland,-2.375678192
Barron,1.770028984
Bayfield,6.187213093
Brown,0.022739892
Buffalo,-6.578695735
Burnett,5.45667143
Calumet,-3.23285539
Chippewa,7.346602779
Clark,-5.354135782
Columbia,2.002350586
Crawford,-6.420545746
Dane,4.317301448
Dodge,1.275103602
Door,8.360931647
Douglas,0.927074039
Dunn,3.780718337
Eau Claire,-0.985641217
Florence,5.122831529
Fond du Lac,2.451502878
Forest,3.670541127
Grant,-1.807878853
Green,1.10984787
Green Lake,4.131137122
Iowa,-4.219409283
Iron,10.19869879
Jackson,5.594065426
Jefferson,-4.970026735
Juneau,2.965465466
Kenosha,1.057647709
Kewaunee,1.763452448
La Crosse,-1.550472979
Lafayette,-3.659597444
Langlade,0.156148341
Lincoln,-1.954185213
Manitowoc,0.392414998
Marathon,-0.649175805
Marinette,1.560332871
Marquette,12.13216314
Menominee,-11.5834335
Milwaukee,-6.278877474
Monroe,-0.2381107
Oconto,3.405760752
Oneida,8.277143541
Outagamie,0.811177168
Ozaukee,1.716401167
Pepin,-0.274141594
Pierce,1.734117592
Polk,5.93009811
Portage,-3.290449224
Price,1.422794668
Racine,-3.244471156
Richland,-7.099771999
Rock,0.49658521
Rusk,6.645927602
St. Croix,7.218295218
Sauk,0.077663871
Sawyer,8.963721156
Shawano,1.395861393
Sheboygan,-0.303591487
Taylor,-2.210921954
Trempealeau,-0.541061495
Vernon,-1.104003637
Vilas,17.81383859
Walworth,3.30733109
Washburn,-1.457679754
Washington,3.499349858
Waukesha,3.597282824
Waupaca,1.488444967
Waushara,8.868815438
Winnebago,4.364251645
Wood,-0.342576035
Albany,0.154623235
Big Horn,-8.281573499
Campbell,-5.073402418
Carbon,-9.16472927
Converse,8.951965066
Crook,14.23913767
Fremont,-8.094186902
Goshen,-5.433347168
Hot Springs,-26.94577441
Johnson,2.723343793
Laramie,2.450028987
Lincoln,15.37873966
Natrona,5.835266894
Niobrara,-23.96972246
Park,-0.890349976
Platte,-10.29037791
Sheridan,9.982867686
Sublette,2.445361455
Sweetwater,-17.0655274
Teton,1.79744506
Uinta,-9.181104694
Washakie,-8.289758959
Weston,2.599090318
