County_Name,pct_gop
Alaska,52.8870018
Autauga,73.4357893
Baldwin,77.35147199
Barbour,52.27141482
Bibb,76.96616369
Blount,89.8518752
Bullock,24.22888747
Butler,56.31548647
Calhoun,69.23969943
Chambers,56.63376397
Cherokee,83.87127487
Chilton,82.54176938
Choctaw,56.43918547
Clarke,54.95516388
Clay,79.58003652
Cleburne,87.84445805
Coffee,77.14619997
Colbert,67.88759847
Conecuh,52.16261654
Coosa,64.6371817
Covington,83.58831711
Crenshaw,72.15291107
Cullman,87.81050486
Dale,74.11505613
Dallas,30.88093967
DeKalb,83.48922794
Elmore,74.83809782
Escambia,67.58693223
Etowah,73.91084326
Fayette,81.80819912
Franklin,79.18025931
Geneva,85.48760614
Greene,17.23570547
Hale,39.60049938
Henry,70.13845578
Houston,72.72662384
Jackson,80.07216743
Jefferson,45.02207776
Lamar,83.95613909
Lauderdale,71.45801664
Lawrence,73.39123299
Lee,59.51480891
Limestone,73.15736041
Lowndes,26.22828041
Macon,15.93507087
Madison,55.93360632
Marengo,47.7164779
Marion,87.30638166
Marshall,83.56070356
Mobile,55.74923342
Monroe,56.66175749
Montgomery,35.87531193
Morgan,74.79746354
Perry,26.69838249
Pickens,57.44680851
Pike,58.97120921
Randolph,75.982231
Russell,48.1291806
Shelby,73.42754617
St. Clair,83.24063579
Sumter,24.73791269
Talladega,62.00252875
Tallapoosa,70.07674016
Tuscaloosa,58.37984041
Walker,82.78220429
Washington,71.01978333
Wilcox,28.49876948
Winston,89.95611897
Arkansas,62.0236744
Ashley,66.50056061
Baxter,74.87737584
Benton,64.44908871
Boone,76.82880845
Bradley,59.80094001
Calhoun,69.06666667
Carroll,63.56043544
Chicot,41.3593637
Clark,52.5762104
Clay,63.21512211
Cleburne,78.99398396
Cleveland,74.56805092
Columbia,61.74040964
Conway,61.80936583
Craighead,65.19675132
Crawford,75.17490408
Crittenden,44.01190024
Cross,67.003367
Dallas,54.97993433
Desha,45.31471841
Drew,60.54639805
Faulkner,62.91519282
Franklin,75.15676321
Fulton,73.1450253
Garland,64.58834321
Grant,75.27352298
Greene,74.17833865
Hempstead,62.8722795
Hot Spring,69.00550148
Howard,68.08372896
Independence,73.83024622
Izard,74.90733877
Jackson,64.04869429
Jefferson,35.94206284
Johnson,67.48916305
Lafayette,61.72839506
Lawrence,72.19754841
Lee,40.91211718
Lincoln,64.36811746
Little River,69.41448382
Logan,73.18535527
Lonoke,74.35552567
Madison,72.50073725
Marion,75.57308723
Miller,70.51514205
Mississippi,53.77452866
Monroe,50.61460593
Montgomery,74.68795356
Nevada,61.89297866
Newton,77.05708925
Ouachita,54.11395608
Perry,70.70970805
Phillips,35.43661155
Pike,79.62588473
Poinsett,59.60628431
Polk,81.34466199
Pope,72.84288698
Prairie,73.53113984
Pulaski,38.78956178
Randolph,71.40820529
Saline,68.98462604
Scott,78.82001989
Searcy,79.90805841
Sebastian,66.04908511
Sevier,72.63670578
Sharp,75.17385257
St. Francis,43.10577442
Stone,73.83752488
Union,62.43726282
Van Buren,75.68555759
Washington,51.7165048
White,76.63837383
Woodruff,52.70588235
Yell,71.99874785
Apache,28.48491345
Cochise,58.02489165
Coconino,36.88708852
Gila,63.89382185
Graham,67.21668481
Greenlee,58.34104224
La Paz,68.56621375
Maricopa,49.12624154
Mohave,73.67129898
Navajo,51.30051682
Pima,40.75235197
Pinal,57.41378391
Santa Cruz,24.45397293
Yavapai,63.44255227
Yuma,50.50663657
Alameda,14.87112582
Alpine,36.69565217
Amador,59.57756313
Butte,48.03009778
Calaveras,58.52959613
Colusa,53.85198665
Contra Costa,25.43897185
Del Norte,54.84456789
El Dorado,53.38346707
Fresno,45.53151872
Glenn,61.71233607
Humboldt,32.35521465
Imperial,27.05324423
Inyo,53.12656328
Kern,54.73142726
Kings,54.09612403
Lake,44.09352242
Lassen,72.67319133
Los Angeles,23.38869382
Madera,56.0984152
Marin,15.94582549
Mariposa,58.40937254
Mendocino,31.22868387
Merced,43.47294405
Modoc,71.83685621
Mono,40.35700427
Monterey,27.2849518
Napa,29.57443121
Nevada,44.15779662
Orange,43.28010944
Placer,52.46525656
Plumas,57.5198188
Riverside,45.27626782
Sacramento,34.86950458
San Benito,36.82563169
San Bernardino,42.41302776
San Diego,38.23522144
San Francisco,9.442505372
San Joaquin,40.99443734
San Luis Obispo,42.28135661
San Mateo,18.68910848
Santa Barbara,32.72359704
Santa Clara,20.85297991
Santa Cruz,17.75894422
Shasta,65.58838934
Sierra,58.09312639
Siskiyou,56.52349264
Solano,31.77801842
Sonoma,22.80933805
Stanislaus,46.72699675
Sutter,55.14476322
Tehama,65.49071038
Trinity,51.08142494
Tulare,53.38634465
Tuolumne,57.45569189
Ventura,38.5746441
Yolo,26.03164569
Yuba,58.47183968
Adams,42.14532477
Alamosa,43.94664347
Arapahoe,38.92593145
Archuleta,58.07956104
Baca,81.44280968
Bent,61.62790698
Boulder,21.93453476
Broomfield,38.219699
Chaffee,48.03163924
Cheyenne,84.10780669
Clear Creek,43.85394071
Conejos,47.48110831
Costilla,31.92307692
Crowley,70.74784911
Custer,67.1997389
Delta,69.5276394
Denver,18.78548889
Dolores,76.09756098
Douglas,54.76661674
Eagle,36.05767105
Elbert,73.5292243
El Paso,56.34255107
Fremont,68.85740402
Garfield,49.6467639
Gilpin,43.76049245
Grand,52.47268883
Gunnison,34.94999462
Hinsdale,57.55517827
Huerfano,49.70837752
Jackson,72.85382831
Jefferson,42.07457136
Kiowa,85.11137163
Kit Carson,80.09964019
Lake,39.81102362
La Plata,40.59306035
Larimer,42.61231479
Las Animas,54.62423427
Lincoln,77.97668609
Logan,74.95361781
Mesa,64.27827341
Mineral,52.7607362
Moffat,81.30568356
Montezuma,61.16008185
Montrose,67.88324632
Morgan,68.16958277
Otero,59.3092497
Ouray,40.67538789
Park,59.08247926
Phillips,76.80102916
Pitkin,24.28035044
Prowers,70.4700683
Pueblo,46.15717328
Rio Blanco,80.96623981
Rio Grande,55.75801749
Routt,37.3874528
Saguache,40.9678611
San Juan,42.49011858
San Miguel,23.89236836
Sedgwick,74.41348974
Summit,31.52979267
Teller,67.45053862
Washington,84.34268833
Weld,56.71724344
Yuma,80.5102916
Fairfield,37.8905574
Hartford,37.05034079
Litchfield,54.78169838
Middlesex,43.94357594
New Haven,42.13067524
New London,43.82503393
Tolland,44.10203843
Windham,50.76228231
District of Columbia,4.122067135
Kent,49.8148223
New Castle,32.70266342
Sussex,59.16702894
Alachua,36.443005
Baker,81.47854994
Bay,71.15236773
Bradford,73.67333444
Brevard,57.77875338
Broward,31.41825173
Calhoun,76.5946926
Charlotte,62.49390073
Citrus,68.32139716
Clay,70.41734438
Collier,61.75596024
Columbia,70.94717034
DeSoto,62.67075551
Dixie,80.83865593
Duval,48.99564765
Escambia,58.28809635
Flagler,58.87865118
Franklin,68.61569215
Gadsden,30.44069025
Gilchrist,80.06652412
Glades,68.79448909
Gulf,73.08696249
Hamilton,63.08934141
Hardee,69.13026264
Hendry,55.75364668
Hernando,62.87841667
Highlands,64.72833359
Hillsborough,44.68837384
Holmes,87.89090054
Indian River,60.78325845
Jackson,67.776349
Jefferson,51.4330585
Lafayette,82.81481481
Lake,59.97009971
Lee,58.66874158
Leon,35.39707092
Levy,71.03836423
Liberty,77.14719272
Madison,57.02693167
Manatee,56.95744478
Marion,61.73023469
Martin,62.02633513
Miami-Dade,34.09382121
Monroe,51.57420936
Nassau,73.53503664
Okaloosa,71.31943134
Okeechobee,68.52992958
Orange,35.74404544
Osceola,35.89915774
Palm Beach,41.19713649
Pasco,58.94300165
Pinellas,48.57299805
Polk,55.39129332
Putnam,66.98823962
Santa Rosa,74.48760179
Sarasota,54.30770779
Seminole,48.69705897
St. Johns,64.98401666
St. Lucie,49.91650738
Sumter,68.78367624
Suwannee,76.47121821
Taylor,74.6093329
Union,80.22132443
Volusia,54.84472002
Wakulla,68.47627737
Walton,76.56664382
Washington,77.44077531
Appling,78.42353277
Atkinson,71.92780338
Bacon,83.69077307
Baker,53.81944444
Baldwin,47.844479
Banks,88.2522315
Barrow,73.21007354
Bartow,76.09963579
Ben Hill,63.04237717
Berrien,82.40134085
Bibb,38.72820478
Bleckley,75.33441427
Brantley,88.48050915
Brooks,58.69495852
Bryan,69.79353382
Bulloch,59.93954702
Burke,48.03208556
Butts,70.87685977
Calhoun,40.97874444
Camden,65.26958831
Candler,70.82778813
Carroll,68.54197147
Catoosa,78.68728782
Charlton,73.60279441
Chatham,41.17325234
Chattahoochee,53.9017341
Chattooga,78.30463255
Cherokee,72.73719829
Clarke,28.6990344
Clay,44.53186467
Clayton,13.15612533
Clinch,70.56897257
Cobb,46.74962625
Coffee,68.90472078
Colquitt,72.77810477
Columbia,67.08210002
Cook,69.14541239
Coweta,69.33539917
Crawford,70.42854373
Crisp,60.52
Dade,80.9073421
Dawson,84.5890411
Decatur,58.69310412
DeKalb,16.06477147
Dodge,71.77984274
Dooly,50.5995829
Dougherty,30.1459101
Douglas,43.23716552
Early,53.36679214
Echols,85.61702128
Effingham,76.36247061
Elbert,66.5950455
Emanuel,68.00204134
Evans,66.74069961
Fannin,81.79190751
Fayette,58.0157981
Floyd,70.20437956
Forsyth,71.72760343
Franklin,83.24286051
Fulton,27.10690542
Gilmer,82.31731299
Glascock,88.84892086
Glynn,63.10625422
Gordon,80.48275862
Grady,65.82126918
Greene,62.14471747
Gwinnett,45.21425859
Habersham,81.74603175
Hall,73.68998902
Hancock,23.54423292
Haralson,84.64257312
Harris,72.78550512
Hart,72.29334127
Heard,80.12363291
Henry,46.55487214
Houston,59.35458957
Irwin,74.09128177
Jackson,80.4006357
Jasper,72.35704787
Jeff Davis,80.60522696
Jefferson,44.08710701
Jenkins,62.3599209
Johnson,68.41390549
Jones,66.30469499
Lamar,68.42244224
Lanier,69.34638238
Laurens,63.76491156
Lee,75.43598469
Liberty,38.08605895
Lincoln,67.29268293
Long,63.83548309
Lowndes,57.88172656
Lumpkin,78.00227199
Macon,35.92255657
Madison,76.97781499
Marion,60.35186931
McDuffie,58.6102719
McIntosh,59.08705244
Meriwether,56.81298334
Miller,74.33070866
Mitchell,54.37189767
Monroe,69.59368836
Montgomery,74.94382022
Morgan,69.51775305
Murray,83.23941394
Muscogee,39.375
Newton,47.74704821
Oconee,67.70888071
Oglethorpe,69.5037594
Paulding,69.11038529
Peach,50.51874007
Pickens,83.3285653
Pierce,86.35055502
Pike,83.83861671
Polk,77.7369685
Pulaski,67.70428016
Putnam,69.09129467
Quitman,55.07662835
Rabun,79.09170965
Randolph,43.86873921
Richmond,32.60886968
Rockdale,35.81632925
Schley,77.10843373
Screven,57.99263029
Seminole,65.50181717
Spalding,60.27756361
Stephens,78.70901639
Stewart,39.21091086
Sumter,48.07254169
Talbot,36.87943262
Taliaferro,38.90746934
Tattnall,74.02238697
Taylor,60.61140506
Telfair,64.54928835
Terrell,44.7954056
Thomas,59.93059263
Tift,67.83369803
Toombs,72.59552042
Towns,79.94350282
Treutlen,66.96296296
Troup,60.64823789
Turner,61.7699115
Twiggs,50.18504811
Union,81.80912036
Upson,66.71548883
Walker,79.10940307
Walton,76.9152752
Ware,70.02469136
Warren,42.49571184
Washington,49.13322251
Wayne,78.51773323
Webster,56.5529623
Wheeler,67.60228354
White,82.83918104
Whitfield,70.85830973
Wilcox,70.50117726
Wilkes,57.47203579
Wilkinson,54.53695042
Worth,74.32857489
Hawaii,26.97911046
Honolulu,31.60706097
Kauai,28.76020505
Maui,25.88464056
Adair,65.33652567
Adams,66.90682037
Allamakee,59.5582858
Appanoose,66.12532808
Audubon,63.18437408
Benton,60.08765522
Black Hawk,43.31155787
Boone,53.33237986
Bremer,53.92509363
Buchanan,54.29614284
Buena Vista,59.84839222
Butler,65.95145501
Calhoun,67.89422135
Carroll,63.50742693
Cass,67.3990078
Cedar,56.20072448
Cerro Gordo,51.1774842
Cherokee,67.70126091
Chickasaw,58.7246741
Clarke,61.43019296
Clay,68.71926949
Clayton,58.35348428
Clinton,49.45050114
Crawford,67.15243369
Dallas,51.27468964
Davis,70.52877138
Decatur,62.00378072
Delaware,62.06219313
Des Moines,50.65462513
Dickinson,65.80462574
Dubuque,47.68644085
Emmet,66.30550244
Fayette,56.97544074
Floyd,54.74013776
Franklin,64.15055951
Fremont,67.55768149
Greene,59.19781604
Grundy,66.74549217
Guthrie,63.7247966
Hamilton,58.63750165
Hancock,68.3061049
Hardin,62.1037635
Harrison,66.30523177
Henry,62.07193625
Howard,57.93210561
Humboldt,70.8126366
Ida,73.95543175
Iowa,59.08522016
Jackson,57.04625637
Jasper,56.22070729
Jefferson,46.71916011
Johnson,27.75493475
Jones,57.11717111
Keokuk,69.6788802
Kossuth,66.27865961
Lee,55.13118983
Linn,42.02103537
Louisa,61.90572527
Lucas,66.86060042
Lyon,81.88131313
Madison,62.60706324
Mahaska,70.55460263
Marion,62.3219779
Marshall,51.55367232
Mills,66.37749737
Mitchell,59.32835821
Monona,68.83977901
Monroe,68.5483871
Montgomery,68.64745898
Muscatine,50.03143666
O'Brien,78.04844856
Osceola,79.074132
Page,69.96268657
Palo Alto,65.87505349
Plymouth,73.97564525
Pocahontas,70.26885931
Polk,40.89878294
Pottawattamie,57.88140009
Poweshiek,50.92334675
Ringgold,67.80923994
Sac,71.57813106
Scott,46.04608968
Shelby,69.2185008
Sioux,82.05570071
Story,39.07380904
Tama,57.5266327
Taylor,70.1964702
Union,61.04368932
Van Buren,71.58252978
Wapello,58.08215524
Warren,54.88556992
Washington,57.00295639
Wayne,70.83190688
Webster,58.29224433
Winnebago,60.1189435
Winneshiek,47.53499153
Woodbury,57.3614702
Worth,57.9459203
Wright,63.70818625
Ada,47.931611
Adams,71.27805772
Bannock,51.42942673
Bear Lake,75.23907104
Benewah,73.97423664
Bingham,65.60601504
Blaine,31.14799963
Boise,70.12067156
Bonner,60.77906631
Bonneville,60.38858229
Boundary,73.57281553
Butte,74.30894309
Camas,68.44741235
Canyon,64.93118725
Caribou,74.95881384
Cassia,72.74394718
Clark,71.73144876
Clearwater,75.03288608
Custer,73.64276834
Elmore,68.27092382
Franklin,70.94017094
Fremont,71.5960798
Gem,75.20120724
Gooding,72.10556733
Idaho,78.32907698
Jefferson,73.54197542
Jerome,68.87597263
Kootenai,67.056392
Latah,39.98126309
Lemhi,74.01671583
Lewis,75.59748428
Lincoln,67.73455378
Madison,56.99623892
Minidoka,71.13537118
Nez Perce,62.22157604
Oneida,74.03288201
Owyhee,77.85714286
Payette,75.50412064
Power,60.40609137
Shoshone,64.39453125
Teton,43.51590818
Twin Falls,66.0427053
Valley,54.32791176
Washington,73.7090256
Adams,71.55177841
Alexander,53.04964539
Bond,65.45162155
Boone,54.24261193
Brown,76.02739726
Bureau,56.82389744
Calhoun,67.25352113
Carroll,60.21212945
Cass,63.63276613
Champaign,37.26063949
Christian,68.72632266
Clark,71.876199
Clay,79.78655623
Clinton,71.77438036
Coles,60.17145505
Cook,21.41931623
Crawford,72.24638533
Cumberland,76.18356612
DeKalb,44.71540899
De Witt,67.90735038
Douglas,70.40425269
DuPage,39.80224203
Edgar,72.38853912
Edwards,83.84661836
Effingham,78.10993803
Fayette,77.38307935
Ford,71.14008586
Franklin,70.69012033
Fulton,54.34044462
Gallatin,72.16648086
Greene,74.68422952
Grundy,58.61255515
Hamilton,77.3594014
Hancock,73.07495523
Hardin,77.35583685
Henderson,61.86781609
Henry,57.61802575
Iroquois,75.27663855
Jackson,44.42857726
Jasper,77.84090909
Jefferson,69.45534546
Jersey,70.92309103
Jo Daviess,54.69267245
Johnson,77.18131959
Kane,42.42222222
Kankakee,53.87275539
Kendall,47.52927285
Knox,48.52485886
Lake,36.99510175
LaSalle,54.22213966
Lawrence,74.79715185
Lee,56.50345054
Livingston,67.54769475
Logan,67.32893652
Macon,56.64192204
Macoupin,64.86906449
Madison,54.96004754
Marion,70.34337349
Marshall,63.96747417
Mason,62.97217472
Massac,73.02879542
McDonough,52.58714175
McHenry,50.74529951
McLean,46.94094563
Menard,65.85707613
Mercer,57.02744446
Monroe,66.13190731
Montgomery,67.16033986
Morgan,62.02505648
Moultrie,71.71847318
Ogle,60.2739726
Peoria,45.56767572
Perry,70.22460334
Piatt,63.18687493
Pike,77.08500939
Pope,78.7054409
Pulaski,64.01132228
Putnam,57.28218466
Randolph,71.20866591
Richland,75.17693316
Rock Island,42.82765082
Saline,73.41997508
Sangamon,51.6450369
Schuyler,66.53481013
Scott,76.07433217
Shelby,75.22910557
St. Clair,44.86455651
Stark,65.64462505
Stephenson,55.54417414
Tazewell,60.96579159
Union,67.88818417
Vermilion,62.35779724
Wabash,74.76860422
Warren,55.41558442
Washington,75.46095445
Wayne,84.33866279
White,77.36314995
Whiteside,49.96826656
Will,44.57784956
Williamson,68.43294507
Winnebago,47.70718501
Woodford,67.97668781
Adams,73.9473886
Allen,57.48180565
Bartholomew,63.71607645
Benton,70.5801861
Blackford,69.45250933
Boone,61.30189327
Brown,63.41679312
Carroll,72.86560576
Cass,68.60275911
Clark,58.72730119
Clay,75.74384937
Clinton,71.70477471
Crawford,65.6284034
Daviess,79.59202683
Dearborn,75.74236721
Decatur,76.50292925
DeKalb,71.68173168
Delaware,54.17794582
Dubois,67.10347944
Elkhart,64.13855523
Fayette,71.76285414
Floyd,57.56077905
Fountain,75.74257426
Franklin,78.844404
Fulton,71.76976355
Gibson,71.60677353
Grant,67.39173501
Greene,74.65668822
Hamilton,56.82418798
Hancock,69.53118494
Harrison,70.12629534
Hendricks,64.21377129
Henry,69.21544209
Howard,64.41475758
Huntington,72.92475272
Jackson,73.3344741
Jasper,70.37731603
Jay,71.55237378
Jefferson,63.42767996
Jennings,73.97210976
Johnson,68.63458606
Knox,71.54298263
Kosciusko,74.93340019
LaGrange,73.54480737
Lake,37.73589617
LaPorte,50.40227586
Lawrence,73.56888237
Madison,60.3354454
Marion,36.06724458
Marshall,68.22523323
Martin,76.86706886
Miami,74.21875
Monroe,35.62292834
Montgomery,73.18058407
Morgan,75.91725465
Newton,70.35054395
Noble,72.22024867
Ohio,72.6088447
Orange,70.82671877
Owen,72.19483568
Parke,73.95072993
Perry,56.77258567
Pike,73.58206458
Porter,50.61836532
Posey,67.42448586
Pulaski,70.88467905
Putnam,72.45912807
Randolph,71.87260903
Ripley,76.66927287
Rush,73.35736069
Scott,67.0419426
Shelby,70.91162531
Spencer,65.9905613
St. Joseph,47.52676973
Starke,69.01148927
Steuben,69.69717825
Sullivan,71.71398528
Switzerland,70.29403682
Tippecanoe,49.60107242
Tipton,74.4207723
Union,74.40657334
Vanderburgh,56.17521575
Vermillion,65.25386952
Vigo,55.40701054
Wabash,73.19418561
Warren,73.89640214
Warrick,64.61886589
Washington,72.408012
Wayne,62.67057674
Wells,76.19446773
White,68.80428196
Whitley,73.10588993
Allen,67.27512232
Anderson,72.81049741
Atchison,62.20866573
Barber,82.48076053
Barton,76.98255353
Bourbon,72.89624873
Brown,72.24747475
Butler,69.42811726
Chase,71.83308495
Chautauqua,84.11924119
Cherokee,71.75053661
Cheyenne,83.17955997
Clark,82.70600203
Clay,75.95921653
Cloud,74.54972592
Coffey,75.46693589
Comanche,82.26371062
Cowley,65.861474
Crawford,58.27547903
Decatur,83.56164384
Dickinson,73.73876124
Doniphan,77.27272727
Douglas,29.66556779
Edwards,78.97553517
Elk,83.2406672
Ellis,71.27787307
Ellsworth,73.61005331
Finney,63.25146439
Ford,67.25925926
Franklin,65.91292926
Geary,57.73600786
Gove,84.86445783
Graham,80.07905138
Grant,75.94115102
Gray,82.09845848
Greeley,81.84663537
Greenwood,76.34293846
Hamilton,81.46399055
Harper,77.59649821
Harvey,58.48005502
Haskell,77.76923077
Hodgeman,83.99602386
Jackson,67.88894709
Jefferson,62.71623114
Jewell,81.18678355
Johnson,47.86615336
Kearny,79.09433962
Kingman,76.40963121
Kiowa,83.57771261
Labette,66.0689481
Lane,82.31046931
Leavenworth,58.58943254
Lincoln,80.66298343
Linn,78.92030848
Logan,83.38278932
Lyon,54.09961686
Marion,71.87557182
Marshall,70.99169943
McPherson,67.56409226
Meade,82.98507463
Miami,66.87737901
Mitchell,78.47025496
Montgomery,72.83833778
Morris,69.70404984
Morton,83.62068966
Nemaha,80.91542289
Neosho,70.55763291
Ness,84.73867596
Norton,82.55707763
Osage,68.3637946
Osborne,81.97375927
Ottawa,78.89043964
Pawnee,71.94465796
Phillips,84.25890463
Pottawatomie,71.92779226
Pratt,74.19863374
Rawlins,83.49447514
Reno,64.39781644
Republic,80.23349436
Rice,74.34819176
Riley,47.94627595
Rooks,84.06223717
Rush,79.85074627
Russell,80.81321474
Saline,63.03404697
Scott,84.85409912
Sedgwick,56.05477178
Seward,63.77819945
Shawnee,47.99723007
Sheridan,87.07782673
Sherman,80.52818289
Smith,81.1817279
Stafford,78.82165605
Stanton,78.1671159
Stevens,84.40366972
Sumner,72.0876343
Thomas,81.30921619
Trego,83.0020562
Wabaunsee,70.5988024
Wallace,91.27086008
Washington,79.79081061
Wichita,81.90578158
Wilson,78.8914417
Woodson,74.85915493
Wyandotte,32.6963996
Adair,80.66358775
Allen,79.97526283
Anderson,72.2095672
Ballard,77.15401513
Barren,72.98760353
Bath,67.33668342
Bell,79.92588017
Boone,67.90964379
Bourbon,63.34887954
Boyd,66.48241452
Boyle,62.19059406
Bracken,76.97331062
Breathitt,69.67527933
Breckinridge,73.97604107
Bullitt,72.73282273
Butler,79.42600897
Caldwell,75.46885466
Calloway,64.63619926
Campbell,58.98142262
Carlisle,80.56944979
Carroll,67.20332381
Carter,73.8969514
Casey,85.15066791
Christian,63.92677511
Clark,66.13968999
Clay,86.67553978
Clinton,85.51863493
Crittenden,81.51635282
Cumberland,81.73799412
Daviess,63.1819374
Edmonson,78.9272762
Elliott,70.24938532
Estill,76.48970748
Fayette,41.79646174
Fleming,75.552
Floyd,72.59245808
Franklin,49.57634228
Fulton,65.05669887
Gallatin,73.27534493
Garrard,77.55155655
Grant,76.0967438
Graves,76.41418406
Grayson,77.80196895
Green,82.01087976
Greenup,70.98678143
Hancock,64.95806151
Hardin,62.55653747
Harlan,84.96835443
Harrison,69.91252894
Hart,73.26814488
Henderson,61.74588665
Henry,69.22430692
Hickman,76.81965693
Hopkins,75.16359164
Jackson,88.9394215
Jefferson,40.75027354
Jessamine,66.43482741
Johnson,84.13179916
Kenton,59.74271608
Knott,75.69492703
Knox,82.36813599
Larue,75.46784086
Laurel,82.99544557
Lawrence,79.77472254
Lee,80.77356365
Leslie,89.48072209
Letcher,79.8707699
Lewis,82.42962403
Lincoln,76.79748823
Livingston,76.90650582
Logan,71.38399413
Lyon,70.4470826
Madison,62.78739482
Magoffin,74.78975161
Marion,63.17217563
Marshall,73.8817604
Martin,88.66109846
Mason,68.55241265
McCracken,66.40455185
McCreary,86.83298683
McLean,74.06352683
Meade,70.85003682
Menifee,72.3281756
Mercer,73.16381511
Metcalfe,75.62824957
Monroe,85.71428571
Montgomery,68.68934161
Morgan,76.12253462
Muhlenberg,71.99908018
Nelson,64.68859882
Nicholas,68.98131829
Ohio,76.38007309
Oldham,62.33327243
Owen,74.94496698
Owsley,83.89299943
Pendleton,76.65667666
Perry,77.20991861
Pike,80.12339165
Powell,70.94103393
Pulaski,81.74192397
Robertson,74.92596249
Rockcastle,83.89171403
Rowan,58.60233322
Russell,83.99216742
Scott,62.30390331
Shelby,64.17351554
Simpson,67.47740564
Spencer,75.67567568
Taylor,73.62180338
Todd,75.70739887
Trigg,73.115727
Trimble,73.19070259
Union,75.71267515
Warren,59.22215796
Washington,71.39299057
Wayne,79.74461693
Webster,75.75809786
Whitley,82.17944061
Wolfe,68.48899013
Woodford,56.81700746
Acadia Parish,77.26210473
Allen Parish,74.2779881
Ascension Parish,66.10504363
Assumption Parish,61.57373441
Avoyelles Parish,67.32404559
Beauregard Parish,81.16461069
Bienville Parish,53.61884368
Bossier Parish,71.16102614
Caddo Parish,46.31964213
Calcasieu Parish,64.67716329
Caldwell Parish,81.45780051
Cameron Parish,88.19068256
Catahoula Parish,71.64332784
Claiborne Parish,55.83242486
Concordia Parish,61.72059984
De Soto Parish,59.76883752
East Baton Rouge Parish,43.10046248
East Carroll Parish,36.03266417
East Feliciana Parish,55.45708026
Evangeline Parish,69.60817259
Franklin Parish,71.09801353
Grant Parish,83.97777526
Iberia Parish,64.40808529
Iberville Parish,45.62737643
Jackson Parish,69.25241158
Jefferson Parish,55.2914195
Jefferson Davis Parish,75.47103733
Lafayette Parish,64.57542212
Lafourche Parish,76.74094708
La Salle Parish,88.83982948
Lincoln Parish,57.65645092
Livingston Parish,84.57019064
Madison Parish,40.7227388
Morehouse Parish,54.85993925
Natchitoches Parish,53.9507733
Orleans Parish,14.65230439
Ouachita Parish,61.3529057
Plaquemines Parish,65.26674234
Pointe Coupee Parish,57.72468328
Rapides Parish,64.77004821
Red River Parish,54.07055631
Richland Parish,65.50646103
Sabine Parish,80.50076648
St. Bernard Parish,64.73081546
St. Charles Parish,63.45933562
St. Helena Parish,41.86787391
St. James Parish,45.14687629
St. John the Baptist Parish,36.49469624
St. Landry Parish,54.95621716
St. Martin Parish,65.52487475
St. Mary Parish,62.75632898
St. Tammany Parish,73.08845637
Tangipahoa Parish,64.78112293
Tensas Parish,46.40188753
Terrebonne Parish,72.67673661
Union Parish,73.17789609
Vermilion Parish,78.43424544
Vernon Parish,80.98959899
Washington Parish,67.40414563
Webster Parish,63.60529217
West Baton Rouge Parish,54.49252557
West Carroll Parish,83.42088674
West Feliciana Parish,58.46843739
Winn Parish,72.31469849
Barnstable,40.58432014
Berkshire,26.04213496
Bristol,42.57969342
Dukes,21.63722232
Essex,35.99856436
Franklin,27.18561613
Hampden,39.07202078
Hampshire,26.83015705
Middlesex,28.17054306
Nantucket,29.54403498
Norfolk,33.30836461
Plymouth,43.42766724
Suffolk,16.48737962
Worcester,41.2466008
Allegany,72.02201122
Anne Arundel,47.13487748
Baltimore,39.10517974
Baltimore city,10.87472485
Calvert,56.80745771
Caroline,67.7533504
Carroll,65.49676598
Cecil,65.18471247
Charles,33.33747241
Dorchester,56.5626336
Frederick,49.12231868
Garrett,78.95389384
Harford,59.7799137
Howard,30.59541943
Kent,50.16364827
Montgomery,20.32451629
Prince George's,8.342566457
Queen Anne's,65.81009215
Somerset,57.66423358
St. Mary's,59.52976599
Talbot,53.91062944
Washington,63.95745171
Wicomico,53.79887403
Worcester,62.21891987
Androscoggin,50.93783881
Aroostook,55.54157252
Cumberland,33.69187557
Franklin,48.22366011
Hancock,42.77897633
Kennebec,48.11133502
Knox,39.73763086
Lincoln,45.385405
Oxford,52.14510838
Penobscot,51.85346762
Piscataquis,59.08792651
Sagadahoc,43.08205223
Somerset,57.75569932
Waldo,45.85947857
Washington,54.5745516
York,44.21473825
Alcona,67.98834763
Alger,57.27897186
Allegan,61.30582199
Alpena,61.8872549
Antrim,62.4005305
Arenac,63.08166823
Baraga,61.9047619
Barry,63.42970428
Bay,53.51583163
Benzie,54.19234909
Berrien,53.76311177
Branch,66.85870224
Calhoun,53.56547477
Cass,61.19370918
Charlevoix,59.54554816
Cheboygan,63.60372243
Chippewa,59.09032007
Clare,63.55621965
Clinton,53.33546987
Crawford,63.72018147
Delta,60.17219906
Dickinson,65.29680365
Eaton,49.57799088
Emmet,56.54628742
Genesee,42.91635863
Gladwin,65.13790892
Gogebic,54.95692602
Grand Traverse,53.2685581
Gratiot,60.07784941
Hillsdale,70.89537223
Houghton,54.24694361
Huron,67.0683998
Ingham,33.22944605
Ionia,62.10741921
Iosco,62.5065548
Iron,62.18274112
Isabella,48.68213384
Jackson,57.20097173
Kalamazoo,40.51172539
Kalkaska,69.65246637
Kent,48.30998792
Keweenaw,56.96291113
Lake,59.29054054
Lapeer,66.56251385
Leelanau,49.05468591
Lenawee,57.58361477
Livingston,62.1963117
Luce,68.16770186
Mackinac,61.43232589
Macomb,53.63024837
Manistee,54.88966503
Marquette,44.52077697
Mason,58.02292264
Mecosta,60.0909674
Menominee,62.2758941
Midland,56.34158428
Missaukee,73.77071634
Monroe,58.3730314
Montcalm,63.66546167
Montmorency,69.84824281
Muskegon,46.6348523
Newaygo,67.12674187
Oakland,43.59213274
Oceana,60.72418718
Ogemaw,65.73271712
Ontonagon,60.49707602
Osceola,69.22713976
Oscoda,69.99015263
Otsego,65.97493814
Ottawa,62.20969018
Presque Isle,62.17602218
Roscommon,62.45013808
Saginaw,48.26960233
Sanilac,69.87475965
Schoolcraft,61.57552397
Shiawassee,56.49159911
St. Clair,62.91124958
St. Joseph,62.63833368
Tuscola,66.6016745
Van Buren,53.86445067
Washtenaw,26.88821107
Wayne,29.51937585
Wexford,65.44930951
Aitkin,60.05443658
Anoka,50.70565611
Becker,63.6629608
Beltrami,50.58641396
Benton,64.64768219
Big Stone,58.88603884
Blue Earth,47.11029589
Brown,63.73417258
Carlton,45.1852262
Carver,52.73311314
Cass,62.83915644
Chippewa,60.88644452
Chisago,61.45156453
Clay,46.54734094
Clearwater,69.23076923
Cook,34.4047619
Cottonwood,64.57784799
Crow Wing,62.66025641
Dakota,43.5688077
Dodge,61.7853086
Douglas,64.58863247
Faribault,63.34466349
Fillmore,57.13374636
Freeborn,55.29537322
Goodhue,54.98081291
Grant,59.74514915
Hennepin,28.50958308
Houston,53.40941512
Hubbard,63.63477195
Isanti,65.31736527
Itasca,54.63002114
Jackson,66.18375206
Kanabec,64.36923077
Kandiyohi,59.05857354
Kittson,57.08844689
Koochiching,56.53413591
Lac qui Parle,59.81747066
Lake,45.30284302
Lake of the Woods,69.05829596
Le Sueur,61.76094706
Lincoln,64.29047302
Lyon,59.82356336
Mahnomen,47.78206365
Marshall,66.91697956
Martin,67.45629955
McLeod,65.0556626
Meeker,66.42892277
Mille Lacs,64.41149212
Morrison,73.71392723
Mower,50.18479559
Murray,64.06721241
Nicollet,47.09166015
Nobles,61.67364991
Norman,52.56806931
Olmsted,44.99161169
Otter Tail,64.85875356
Pennington,59.96102533
Pine,59.66202928
Pipestone,69.84724838
Polk,61.08994421
Pope,60.26374325
Ramsey,26.29578579
Red Lake,60.98343132
Redwood,67.89584985
Renville,64.65688219
Rice,47.89086507
Rock,64.3020595
Roseau,70.18153727
Scott,53.70076623
Sherburne,64.76907672
Sibley,67.20590138
St. Louis,40.11414704
Stearns,60.28739634
Steele,58.81302521
Stevens,52.3364486
Swift,59.6215781
Todd,71.03985265
Traverse,58.62646566
Wabasha,59.4100646
Wadena,70.16246011
Waseca,62.29251488
Washington,45.10476537
Watonwan,55.68296117
Wilkin,64.92833181
Winona,46.88998917
Wright,62.57627903
Yellow Medicine,64.38225776
Adair,59.37654138
Andrew,72.92122538
Atchison,75.61513037
Audrain,69.51110226
Barry,78.24568611
Barton,83.58057991
Bates,74.80364044
Benton,75.25041736
Bollinger,85.14729229
Boone,43.38630689
Buchanan,59.93588842
Butler,79.19568245
Caldwell,74.98259457
Callaway,68.23861557
Camden,75.3809395
Cape Girardeau,73.05491525
Carroll,79.79821142
Carter,81.73821253
Cass,65.08133688
Cedar,79.94584263
Chariton,74.40686522
Christian,74.74754795
Clark,74.12545235
Clay,52.48038668
Clinton,69.21643621
Cole,66.0476101
Cooper,70.49899699
Crawford,77.86290323
Dade,80.58719312
Dallas,79.23387097
Daviess,74.89834644
DeKalb,77.12418301
Dent,82.60548834
Douglas,82.32292917
Dunklin,75.90315869
Franklin,70.77630133
Gasconade,76.16872649
Gentry,75.96439169
Greene,60.64384174
Grundy,78.45003399
Harrison,80.52688756
Henry,71.76052765
Hickory,75.02649989
Holt,82.02725724
Howard,67.55308184
Howell,79.74734424
Iron,74.48356808
Jackson,39.03143204
Jasper,72.76614293
Jefferson,65.08790307
Johnson,64.97842272
Knox,75.68291377
Laclede,80.41857259
Lafayette,69.40878912
Lawrence,78.46947343
Lewis,75.08984726
Lincoln,72.86076357
Linn,73.29504666
Livingston,76.139201
Macon,76.44808022
Madison,77.134261
Maries,79.12405514
Marion,72.99643466
McDonald,80.15304263
Mercer,85.45140886
Miller,81.34746802
Mississippi,69.69990319
Moniteau,78.49588719
Monroe,76.17554859
Montgomery,76.03244838
Morgan,76.65343165
New Madrid,71.68117519
Newton,77.51452501
Nodaway,67.58131158
Oregon,78.64493997
Osage,82.57982481
Ozark,80.84870029
Pemiscot,65.79253112
Perry,79.09986257
Pettis,70.88944306
Phelps,68.64695389
Pike,71.51186441
Platte,53.54730816
Polk,76.11787877
Pulaski,73.42111136
Putnam,82.66438941
Ralls,75.37030004
Randolph,73.0332719
Ray,65.5560683
Reynolds,79.22163588
Ripley,81.91373686
Saline,64.65116279
Schuyler,77.85825142
Scotland,77.4898374
Scott,76.36279286
Shannon,75.97336066
Shelby,77.61377614
St. Charles,60.59705383
St. Clair,75.61555076
St. Francois,70.67653961
St. Louis,39.53997374
St. Louis city,15.91877742
Ste. Genevieve,64.96039721
Stoddard,83.42370839
Stone,79.50780022
Sullivan,75.84541063
Taney,77.95204923
Texas,81.16140832
Vernon,76.09608209
Warren,70.46175314
Washington,75.9456838
Wayne,80.86441269
Webster,76.86638706
Worth,77.24665392
Wright,82.89636409
Adams,41.96004585
Alcorn,79.94722955
Amite,60.8844021
Attala,59.21016294
Benton,56.05605606
Bolivar,33.13069909
Calhoun,68.78056476
Carroll,68.99451554
Chickasaw,52.30671736
Choctaw,68.73134328
Claiborne,14.01489506
Clarke,65.96654998
Clay,41.52610442
Coahoma,27.22172352
Copiah,46.83352931
Covington,61.69510808
DeSoto,65.84455343
Forrest,55.52338367
Franklin,63.64067315
George,88.00732377
Greene,80.92018779
Grenada,56.88565409
Hancock,78.32391391
Harrison,63.96997229
Hinds,27.22316903
Holmes,16.33782825
Humphreys,25.67379828
Issaquena,42.6323319
Itawamba,87.03549927
Jackson,68.63301441
Jasper,47.61454889
Jefferson,12.6716766
Jefferson Davis,39.53823954
Jones,71.06548673
Kemper,38.3272257
Lafayette,55.35077894
Lamar,76.48372555
Lauderdale,60.66903718
Lawrence,64.3387581
Leake,56.60265529
Lee,67.85200475
Leflore,28.82082375
Lincoln,69.43987363
Lowndes,52.20573611
Madison,56.84381105
Marion,67.26382942
Marshall,44.39379507
Monroe,64.04537102
Montgomery,56.07880827
Neshoba,72.93542824
Newton,68.98999302
Noxubee,21.32538823
Oktibbeha,47.49551111
Panola,49.62299717
Pearl River,82.19975652
Perry,76.12297496
Pike,49.56182435
Pontotoc,79.94242655
Prentiss,77.46935468
Quitman,29.7643901
Rankin,75.2461047
Scott,58.19397993
Sharkey,32.13914849
Simpson,64.75998598
Smith,77.77924828
Stone,75.5339196
Sunflower,29.42802467
Tallahatchie,41.94207836
Tate,64.84326982
Tippah,78.55189763
Tishomingo,85.64380265
Tunica,24.25642507
Union,80.54334447
Walthall,57.09933999
Warren,51.51200306
Washington,31.1646421
Wayne,62.48164464
Webster,78.60270701
Wilkinson,31.26497365
Winston,55.56949037
Yalobusha,55.56289204
Yazoo,46.17873029
Beaverhead,69.35414885
Big Horn,44.18997107
Blaine,48.03510111
Broadwater,75.2018082
Carbon,62.95796049
Carter,87.12998713
Cascade,57.24305288
Chouteau,65.18864255
Custer,70.70942663
Daniels,76.57563025
Dawson,76.75122178
Deer Lodge,42.35179312
Fallon,86.56716418
Fergus,73.24455206
Flathead,65.18507282
Gallatin,44.77754989
Garfield,91.32867133
Glacier,32.15938821
Golden Valley,77.99145299
Granite,67.25312145
Hill,54.29336695
Jefferson,62.72379495
Judith Basin,72.91841884
Lake,57.78415258
Lewis and Clark,49.45544114
Liberty,73.23498419
Lincoln,72.64864865
Madison,69.66864911
McCone,81.25
Meagher,75.05154639
Mineral,66.97061803
Missoula,37.88828552
Musselshell,81.57237937
Park,53.79858657
Petroleum,86.52037618
Phillips,79.87890079
Pondera,66.34472511
Powder River,84.04966571
Powell,72.86849711
Prairie,80.90379009
Ravalli,66.50500839
Richland,80.73566085
Roosevelt,49.39759036
Rosebud,65.86237712
Sanders,72.69630387
Sheridan,67.78082192
Silver Bow,38.77930778
Stillwater,75.37375415
Sweet Grass,76.07125662
Teton,68.46961502
Toole,74.08325074
Treasure,79.36507937
Valley,69.87046632
Wheatland,74.89270386
Wibaux,86.30393996
Yellowstone,59.79899497
Alamance,55.20183645
Alexander,76.76419966
Alleghany,72.66973533
Anson,43.10178949
Ashe,71.07142857
Avery,77.24565757
Beaufort,61.35005721
Bertie,37.0575693
Bladen,54.06212285
Brunswick,63.10311501
Buncombe,41.14209669
Burke,68.39098783
Cabarrus,58.48662667
Caldwell,74.12929756
Camden,71.41121685
Carteret,71.04201089
Caswell,54.75986686
Catawba,67.631042
Chatham,43.53121801
Cherokee,77.27994228
Chowan,56.03545301
Clay,74.68139337
Cleveland,64.33151324
Columbus,60.39962509
Craven,59.60502693
Cumberland,40.66896031
Currituck,73.00974
Dare,59.35609448
Davidson,73.41729965
Davie,72.6088993
Duplin,58.98257366
Durham,18.51896136
Edgecombe,33.33874174
Forsyth,43.35599882
Franklin,54.57828908
Gaston,64.78940046
Gates,53.50975976
Graham,79.62872496
Granville,50.14858841
Greene,54.38662174
Guilford,38.66165252
Halifax,35.98729955
Harnett,60.67845623
Haywood,62.48839369
Henderson,62.55060729
Hertford,30.5049505
Hoke,43.0100297
Hyde,56.09326881
Iredell,67.09527172
Jackson,53.91024217
Johnston,63.96224853
Jones,58.36475491
Lee,55.2155941
Lenoir,52.36862745
Lincoln,72.63301985
Macon,69.422012
Madison,61.41710742
Martin,49.56125548
McDowell,74.22917625
Mecklenburg,33.41092254
Mitchell,78.32159034
Montgomery,61.75211809
Moore,63.40426423
Nash,49.3401275
New Hanover,50.27267627
Northampton,36.43069358
Onslow,65.64193339
Orange,23.01515721
Pamlico,62.38924985
Pasquotank,47.64206555
Pender,63.96645981
Perquimans,62.82031842
Person,57.58690359
Pitt,44.9644792
Polk,62.83689266
Randolph,77.27108386
Richmond,54.21251262
Robeson,51.43711664
Rockingham,63.96045826
Rowan,67.1993405
Rutherford,72.88670878
Sampson,57.57469381
Scotland,45.20119333
Stanly,73.98051
Stokes,76.53052024
Surry,74.20332881
Swain,59.46171849
Transylvania,59.86811927
Tyrrell,56.94117647
Union,63.9648249
Vance,36.95982188
Wake,37.89231612
Warren,32.6187889
Washington,41.86426819
Watauga,46.99850534
Wayne,54.9132948
Wilkes,76.55621839
Wilson,46.31181337
Yadkin,79.62536023
Yancey,64.91639478
Adams,74.95854063
Barnes,60.07995431
Benson,47.78350515
Billings,83.10810811
Bottineau,72.21414024
Bowman,81.68456755
Burke,85.25703201
Burleigh,69.3326791
Cass,50.42445468
Cavalier,68.8674454
Dickey,69.81450253
Divide,72.45155855
Dunn,79.71805366
Eddy,64.80721903
Emmons,85.3496682
Foster,72.80753384
Golden Valley,84.18259023
Grand Forks,54.9459796
Grant,80.67597355
Griggs,67.92301524
Hettinger,81.83980967
Kidder,81.44329897
LaMoure,69.73995272
Logan,84.17475728
McHenry,74.09750651
McIntosh,76.95010541
McKenzie,79.69090118
McLean,73.51133308
Mercer,81.39789658
Morton,72.80504277
Mountrail,63.63182839
Nelson,60.50767414
Oliver,82.53493014
Pembina,71.25767863
Pierce,70.94059406
Ramsey,61.63280951
Ransom,52.17954251
Renville,77.92828685
Richland,63.79356568
Rolette,33.04205352
Sargent,55.00505561
Sheridan,83.20413437
Sioux,21.7502124
Slope,84.54332553
Stark,80.21460999
Steele,54.57317073
Stutsman,67.47836587
Towner,64.46789798
Traill,58.56625259
Walsh,65.83755228
Ward,69.2490972
Wells,76.2329932
Williams,80.07821853
Adams,69.88308533
Antelope,84.37888199
Arthur,90.11406844
Banner,91.02564103
Blaine,87.22044728
Boone,80.18835019
Box Butte,74.56416719
Boyd,85.63922942
Brown,87.39708676
Buffalo,70.44000586
Burt,66.98836219
Butler,78.3852836
Cass,66.52391149
Cedar,81.03211009
Chase,87.57428417
Cherry,85.10707333
Cheyenne,79.01072445
Clay,79.81836529
Colfax,68.44262295
Cuming,77.60782347
Custer,84.09546365
Dakota,55.48973688
Dawes,71.52040246
Dawson,69.9387226
Deuel,82.80450358
Dixon,74.38046647
Dodge,65.08456448
Douglas,46.53146936
Dundy,86.72286617
Fillmore,72.94199375
Franklin,81.21980676
Frontier,84.42748092
Furnas,82.72138229
Gage,64.26831743
Garden,81.74976482
Garfield,84.60743802
Gosper,79.2
Grant,93.14720812
Greeley,78.19742489
Hall,66.28381229
Hamilton,76.76458588
Harlan,82.30088496
Hayes,92.35294118
Hitchcock,84.44444444
Holt,85.86061458
Hooker,85.74879227
Howard,77.21433401
Jefferson,69.59183673
Johnson,65.72403706
Kearney,77.69895126
Keith,81.1913815
Keya Paha,89.10505837
Kimball,80.50122249
Knox,78.33046048
Lancaster,46.57519472
Lincoln,76.50886819
Logan,88.69179601
Loup,84.55497382
Madison,75.36543422
McPherson,89.86013986
Merrick,78.60803885
Morrill,82.54847645
Nance,78.61163227
Nemaha,68.1383855
Nuckolls,79.37761263
Otoe,66.39648303
Pawnee,73.82039574
Perkins,84.76727786
Phelps,83.14167932
Pierce,85.25139665
Platte,77.34035737
Polk,79.55082742
Red Willow,83.22465916
Richardson,73.21331151
Rock,86.63303909
Saline,59.41605839
Sarpy,57.403479
Saunders,70.63596905
Scotts Bluff,71.62288593
Seward,70.29920041
Sheridan,85.45808967
Sherman,73.59948487
Sioux,84.90832158
Stanton,79.07569141
Thayer,76.27248374
Thomas,88.88888889
Thurston,49.92607196
Valley,81.49171271
Washington,69.67120181
Wayne,71.52406417
Webster,78.24540605
Wheeler,82.13507625
York,74.90409207
Belknap,56.04724044
Carroll,50.35612291
Cheshire,41.08081792
Coos,52.12061619
Grafton,37.97063817
Hillsborough,47.48459325
Merrimack,45.9539899
Rockingham,50.52763889
Strafford,42.80455844
Sullivan,48.8484684
Atlantic,45.28362557
Bergen,42.50908286
Burlington,40.79174103
Camden,32.21782187
Cape May,58.37105943
Cumberland,45.6693953
Essex,20.69958107
Gloucester,48.37774952
Hudson,22.64614621
Hunterdon,54.63857641
Mercer,30.14462401
Middlesex,38.5544172
Monmouth,53.07184548
Morris,50.38256285
Ocean,65.52705784
Passaic,37.80453625
Salem,55.63312799
Somerset,41.90626844
Sussex,62.93799079
Union,30.80520546
Warren,60.67668552
Bernalillo,34.78605653
Catron,71.78853755
Chaves,63.83749194
Cibola,39.86206897
Colfax,48.73837981
Curry,66.95005314
De Baca,68.32779623
Dona Ana,36.19958456
Eddy,67.22327511
Grant,41.56574052
Guadalupe,32.66998342
Harding,59.01328273
Hidalgo,49.34640523
Lea,70.85036559
Lincoln,66.49728997
Los Alamos,31.91754554
Luna,48.00552105
McKinley,23.53422154
Mora,27.254014
Otero,59.86962722
Quay,62.1971831
Rio Arriba,24.26356064
Roosevelt,66.01195559
Sandoval,42.49055234
San Juan,61.3048641
San Miguel,21.59069593
Santa Fe,20.25912503
Sierra,58.45193995
Socorro,38.36589698
Taos,17.95382166
Torrance,59.12
Union,71.91943128
Valencia,48.17184644
Carson City,52.46642149
Churchill,71.58010241
Clark,41.75101023
Douglas,62.45201105
Elko,73.022378
Esmeralda,77.77777778
Eureka,84.66042155
Humboldt,70.27825276
Lander,75.75631993
Lincoln,78.37711069
Lyon,67.35544146
Mineral,59.03855784
Nye,67.98693344
Pershing,70.78708375
Storey,63.17435496
Washoe,45.16824189
White Pine,72.17068646
Albany,35.20024832
Allegany,68.44719771
Bronx,9.592678978
Broome,49.03228299
Cattaraugus,64.45910017
Cayuga,53.75780109
Chautauqua,59.57352018
Chemung,57.31284832
Chenango,60.86236405
Clinton,46.44795264
Columbia,46.80242157
Cortland,49.97286149
Delaware,61.94172573
Dutchess,48.3889217
Erie,45.35366134
Essex,48.2459049
Franklin,50.40929496
Fulton,65.22005827
Genesee,65.34766791
Greene,61.19031215
Hamilton,66.77827381
Herkimer,64.56452743
Jefferson,58.21731897
Kings,17.90886982
Lewis,67.06749418
Livingston,61.2537066
Madison,54.39909463
Monroe,40.25155858
Montgomery,60.66636082
Nassau,45.94004159
New York,9.965875732
Niagara,57.23604651
Oneida,57.81153131
Onondaga,40.77734135
Ontario,51.07208795
Orange,51.24508891
Orleans,69.26204999
Oswego,58.63288156
Otsego,53.35302293
Putnam,57.12442855
Queens,22.0965486
Rensselaer,48.38993196
Richmond,57.18113259
Rockland,46.10829171
Saratoga,49.08107485
Schenectady,44.24540395
Schoharie,64.49143849
Schuyler,61.48640627
Seneca,52.79327414
St. Lawrence,52.48335894
Steuben,65.38712115
Suffolk,52.48401841
Sullivan,55.17371459
Tioga,60.94570928
Tompkins,25.55699791
Ulster,42.73342495
Warren,51.81369704
Washington,57.00638364
Wayne,59.93496912
Westchester,32.13766757
Wyoming,72.997543
Yates,57.71587744
Adams,76.33553286
Allen,66.89219464
Ashland,71.31760405
Ashtabula,57.16044111
Athens,38.71013922
Auglaize,79.3088364
Belmont,67.88158627
Brown,74.49187523
Butler,62.01149494
Carroll,70.79722027
Champaign,69.97783713
Clark,57.54948004
Clermont,68.38422062
Clinton,74.39779006
Columbiana,68.68164645
Coshocton,69.38707306
Crawford,70.92824297
Cuyahoga,30.8444353
Darke,78.792
Defiance,64.5012644
Delaware,55.60384012
Erie,52.54832562
Fairfield,61.18766125
Fayette,71.76666359
Franklin,34.67174799
Fulton,64.84801624
Gallia,76.00095329
Geauga,60.68819764
Greene,59.65617269
Guernsey,69.10126269
Hamilton,43.03088608
Hancock,67.51760563
Hardin,71.09205926
Harrison,72.18228867
Henry,66.82759125
Highland,76.28460817
Hocking,66.18716535
Holmes,79.25713758
Huron,65.46934079
Jackson,72.64899162
Jefferson,65.93504753
Knox,66.85033132
Lake,55.52531253
Lawrence,70.29172608
Licking,62.14939735
Logan,74.19431618
Lorain,47.81857831
Lucas,38.65841698
Madison,67.55998568
Mahoning,46.80439966
Marion,64.57813475
Medina,60.21821844
Meigs,72.9968119
Mercer,80.6943467
Miami,70.5520042
Monroe,71.50762788
Montgomery,48.39156916
Morgan,68.6009539
Morrow,72.4206104
Muskingum,65.12963525
Noble,75.59148936
Ottawa,56.98187839
Paulding,71.91811807
Perry,68.12316515
Pickaway,69.21138826
Pike,66.61165639
Portage,52.69576033
Preble,75.0964591
Putnam,79.9695437
Richland,66.6275889
Ross,61.58867208
Sandusky,58.36455567
Scioto,66.65541225
Seneca,62.00332183
Shelby,78.52877542
Stark,56.38563101
Summit,43.82344351
Trumbull,51.18578126
Tuscarawas,65.11923768
Union,66.33626051
Van Wert,76.03062426
Vinton,70.44316707
Warren,66.472071
Washington,68.64307395
Wayne,65.13285273
Williams,69.11087496
Wood,50.94803089
Wyandot,70.661793
Adair,73.48484848
Alfalfa,85.59397163
Atoka,81.32746901
Beaver,88.82431828
Beckham,83.50378536
Blaine,76.03480095
Bryan,75.85480944
Caddo,69.33376178
Canadian,72.34208145
Carter,74.19737765
Cherokee,60.60532541
Choctaw,77.54198192
Cimarron,89.32219127
Cleveland,57.14011306
Coal,79.06393648
Comanche,58.92505538
Cotton,78.93927748
Craig,74.05676705
Creek,74.8245675
Custer,74.23796411
Delaware,75.22959184
Dewey,87.4443455
Ellis,88.17086528
Garfield,73.7506915
Garvin,78.27366822
Grady,77.69690434
Grant,83.04545455
Greer,78.16455696
Harmon,73.23076923
Harper,88.01346801
Haskell,78.09463456
Hughes,74.85082873
Jackson,76.46682039
Jefferson,81.23667377
Johnston,77.00574856
Kay,72.45013397
Kingfisher,84.12542871
Kiowa,74.31928919
Latimer,76.39506173
Le Flore,77.59753474
Lincoln,77.40875652
Logan,71.84399409
Love,77.10588857
Major,86.49602824
Marshall,76.58100966
Mayes,73.51069246
McClain,78.0984619
McCurtain,80.69847792
McIntosh,69.12540839
Murray,75.52941176
Muskogee,62.12127475
Noble,76.11909651
Nowata,78.3809299
Okfuskee,70.96364099
Oklahoma,51.69018563
Okmulgee,64.1051422
Osage,66.30239679
Ottawa,71.37376006
Pawnee,74.31452884
Payne,59.98053984
Pittsburg,73.85507246
Pontotoc,70.33886864
Pottawatomie,70.13416217
Pushmataha,79.87954495
Roger Mills,87.94084187
Rogers,75.65509135
Seminole,69.87051793
Sequoyah,75.41733047
Stephens,79.2016102
Texas,79.96880957
Tillman,71.84035477
Tulsa,58.39826085
Wagoner,73.50380849
Washington,71.19056196
Washita,83.21089023
Woods,80.35470668
Woodward,83.57322065
Baker,72.65007666
Benton,28.58898128
Clackamas,43.40822243
Clatsop,42.92322943
Columbia,51.70873709
Coos,58.64285478
Crook,72.07423956
Curry,58.84239086
Deschutes,48.20608496
Douglas,66.43037975
Gilliam,67.4493063
Grant,76.40853512
Harney,75.42857143
Hood River,31.04112492
Jackson,51.14511172
Jefferson,60.14198783
Josephine,62.38002488
Klamath,68.98084815
Lake,78.68379654
Lane,36.56998321
Lincoln,41.19409195
Linn,59.72333894
Malheur,71.76884422
Marion,49.03794087
Morrow,67.635999
Multnomah,17.62484557
Polk,49.50850662
Sherman,73.85554425
Tillamook,48.91033859
Umatilla,64.23265431
Union,67.21219414
Wallowa,67.63227197
Wasco,50.84881344
Washington,32.71201634
Wheeler,73.61111111
Yamhill,50.06871177
Adams,66.29258772
Allegheny,40.03401884
Armstrong,74.47940616
Beaver,58.30381092
Bedford,82.773145
Berks,52.91416099
Blair,71.54471545
Bradford,70.69963384
Bucks,47.83607534
Butler,66.70651005
Cambria,67.32926687
Cameron,73.86363636
Carbon,65.1578984
Centre,46.55410245
Chester,43.34807247
Clarion,71.76362908
Clearfield,73.13410009
Clinton,65.37502527
Columbia,64.09481329
Crawford,67.23842196
Cumberland,57.05235165
Dauphin,46.57344806
Delaware,37.41117571
Elk,70.04475242
Erie,48.76151484
Fayette,64.36566466
Forest,70.05838199
Franklin,71.46009085
Fulton,84.17618271
Greene,69.50183885
Huntingdon,73.70229791
Indiana,66.05173876
Jefferson,78.34079025
Juniata,79.15785426
Lackawanna,46.81915515
Lancaster,57.34661365
Lawrence,62.44112933
Lebanon,65.87444403
Lehigh,45.9286027
Luzerne,58.3947985
Lycoming,70.53525271
McKean,71.660673
Mercer,60.55974513
Mifflin,77.03273206
Monroe,48.08018925
Montgomery,37.61570473
Montour,61.79261863
Northampton,49.99754859
Northumberland,69.8235681
Perry,73.80986149
Philadelphia,15.49747364
Pike,61.51691859
Potter,80.32660409
Schuylkill,70.01912351
Snyder,71.69534072
Somerset,76.53792331
Sullivan,73.16919192
Susquehanna,69.24479167
Tioga,74.58174686
Union,60.94827586
Venango,69.03511948
Warren,68.27054017
Washington,60.79839084
Wayne,68.27185334
Westmoreland,64.06239683
Wyoming,67.44242229
York,62.48147948
Bristol,36.08602325
Kent,47.86111355
Newport,37.66253364
Providence,37.35081756
Washington,42.19763092
Abbeville,62.86833271
Aiken,61.49412221
Allendale,22.0234768
Anderson,69.8777025
Bamberg,35.46408394
Barnwell,51.56662095
Beaufort,54.94846778
Berkeley,56.03593558
Calhoun,50.11253806
Charleston,42.78248507
Cherokee,69.71131746
Chester,51.20405577
Chesterfield,55.90845399
Clarendon,47.8094484
Colleton,52.71313331
Darlington,50.52301255
Dillon,48.19596443
Dorchester,55.92430719
Edgefield,58.75987633
Fairfield,35.76253111
Florence,51.06110438
Georgetown,54.9953996
Greenville,59.36277012
Greenwood,59.02447552
Hampton,39.60654992
Horry,67.32287575
Jasper,42.90939786
Kershaw,60.48138528
Lancaster,60.9499703
Laurens,63.34516884
Lee,34.38964242
Lexington,65.55582004
Marion,38.22184708
Marlboro,41.11851637
McCormick,50.83413231
Newberry,59.6070259
Oconee,71.86400239
Orangeburg,30.67432516
Pickens,73.85975323
Richland,31.14108619
Saluda,64.55193364
Spartanburg,63.00116729
Sumter,42.52860516
Union,58.39331513
Williamsburg,32.3144395
York,58.40423187
Aurora,69.22530206
Beadle,65.78558771
Bennett,57.96344648
Bon Homme,70.78009415
Brookings,53.21766562
Brown,59.65990194
Brule,68.40034965
Buffalo,34.89795918
Butte,77.19742292
Campbell,84.71720818
Charles Mix,69.38537722
Clark,68.73868437
Clay,41.60583942
Codington,66.53526438
Corson,50.04255319
Custer,69.7625106
Davison,64.85160966
Day,59.228249
Deuel,65.67307692
Dewey,42.35500879
Douglas,83.36448598
Edmunds,74.71324296
Fall River,70.47431939
Faulk,76.74418605
Grant,66.8444694
Gregory,76.51841224
Haakon,89.65517241
Hamlin,74.25778421
Hand,76.51265127
Hanson,74.62612164
Harding,90.24707412
Hughes,63.30600759
Hutchinson,74.79940565
Hyde,78.69565217
Jackson,65.93607306
Jerauld,67.01137539
Jones,80.64516129
Kingsbury,65.85652685
Lake,59.50486295
Lawrence,62.58233407
Lincoln,61.42840157
Lyman,68.75439831
Marshall,54.23728814
McCook,69.34673367
McPherson,78.45206684
Meade,72.63574563
Mellette,58.8579795
Miner,66.35338346
Minnehaha,53.72014873
Moody,59.01023891
Oglala,8.321823204
Pennington,62.42852056
Perkins,83.00124533
Potter,80.07490637
Roberts,55.12094699
Sanborn,72.92965272
Spink,62.82616062
Stanley,73.2610083
Sully,78.86178862
Todd,22.91764706
Tripp,78.66920152
Turner,70.77108434
Union,66.9791007
Walworth,76.5442067
Yankton,58.79783694
Ziebach,48.04177546
Anderson,64.59980486
Bedford,74.86928105
Benton,74.58082885
Bledsoe,77.87096774
Blount,72.10360856
Bradley,77.51875391
Campbell,78.85476647
Cannon,75.59916965
Carroll,74.81854253
Carter,80.48873434
Cheatham,71.38342919
Chester,78.90721649
Claiborne,80.22604147
Clay,73.31277835
Cocke,80.86389164
Coffee,72.42523247
Crockett,73.83958411
Cumberland,77.61046467
Davidson,34.2669954
Decatur,78.21717282
DeKalb,74.4092219
Dickson,70.96514313
Dyer,76.5613243
Fayette,67.5748472
Fentress,82.50581316
Franklin,70.43940598
Gibson,70.71956477
Giles,71.61870504
Grainger,82.88040075
Greene,78.91532928
Grundy,76.33684211
Hamblen,76.96681083
Hamilton,55.75314697
Hancock,82.63795424
Hardeman,53.14866912
Hardin,80.5307066
Hawkins,80.26964337
Haywood,44.10902696
Henderson,79.8073142
Henry,73.58578412
Hickman,73.24143262
Houston,68.87835703
Humphreys,69.02927581
Jackson,72.61074882
Jefferson,77.70875013
Johnson,82.36729713
Knox,58.97604677
Lake,68.88324873
Lauderdale,56.28024891
Lawrence,79.31408864
Lewis,77.78743751
Lincoln,78.1838734
Loudon,75.47202197
Macon,83.57810414
Madison,56.45853194
Marion,70.90103397
Marshall,71.6277846
Maury,67.81396145
McMinn,78.49042474
McNairy,78.11659193
Meigs,77.40663419
Monroe,78.36363636
Montgomery,56.42655121
Moore,79.46001367
Morgan,81.46758703
Obion,77.9268592
Overton,73.88651617
Perry,75.90192644
Pickett,77.38597164
Polk,78.17484663
Putnam,70.40952593
Rhea,79.02430111
Roane,73.50787766
Robertson,71.71437024
Rutherford,60.48555174
Scott,84.85188825
Sequatchie,78.24245633
Sevier,79.07683803
Shelby,34.63739337
Smith,74.02159244
Stewart,73.14026122
Sullivan,76.13932509
Sumner,70.49099606
Tipton,72.27879514
Trousdale,66.80458307
Unicoi,79.06782026
Union,80.98001289
Van Buren,75.29995863
Warren,70.29119056
Washington,69.17285625
Wayne,86.16912016
Weakley,74.22280861
White,78.32446809
Williamson,65.10028653
Wilson,69.82908716
Anderson,77.95937704
Andrews,79.67925294
Angelina,72.53431537
Aransas,73.85115124
Archer,88.66245022
Armstrong,90.85545723
Atascosa,63.19735391
Austin,78.6372909
Bailey,75.28026906
Bandera,79.88837756
Bastrop,57.74867257
Baylor,84.91957105
Bee,56.07708678
Bell,55.0856924
Bexar,40.98044837
Blanco,74.29881813
Borden,90.4109589
Bosque,81.12094395
Bowie,72.27444154
Brazoria,60.39519186
Brazos,58.54685323
Brewster,49.05347847
Briscoe,85.14986376
Brooks,23.61325116
Brown,86.09936196
Burleson,76.54427646
Burnet,76.63026357
Caldwell,55.64950038
Calhoun,66.66666667
Callahan,87.43700504
Cameron,32.05960525
Camp,70.47556143
Carson,88.86247878
Cass,79.11425125
Castro,70.79158317
Chambers,79.69509633
Cherokee,77.21693312
Childress,86.46833013
Clay,87.32787867
Cochran,75.36071032
Coke,88.89669712
Coleman,87.4002751
Collin,56.20468665
Collingsworth,85.18197574
Colorado,74.56367925
Comal,73.08460701
Comanche,82.56528418
Concho,82.94283037
Cooke,82.88662388
Coryell,67.36911789
Cottle,83.3619211
Crane,75.81462708
Crockett,70.25089606
Crosby,68.92523364
Culberson,36.74540682
Dallam,81.95439739
Dallas,34.88514605
Dawson,74.00336889
Deaf Smith,69.29302547
Delta,80.56164985
Denton,57.68240665
DeWitt,80.7681032
Dickens,83.05830583
Dimmit,30.20155039
Donley,83.90410959
Duval,31.64222169
Eastland,86.63302091
Ector,68.66631842
Edwards,69.57746479
Ellis,71.0500444
El Paso,25.92773855
Erath,81.13685735
Falls,65.71100917
Fannin,79.65252255
Fayette,78.41146069
Fisher,73.46109175
Floyd,75.22982635
Foard,74.95107632
Fort Bend,45.01799383
Franklin,82.2543618
Freestone,78.79863302
Frio,45.91874767
Gaines,84.76893035
Galveston,59.33029018
Garza,82.91525424
Gillespie,79.59308085
Glasscock,91.86046512
Goliad,70.50902235
Gonzales,72.65228426
Gray,88.24728261
Grayson,74.94263619
Gregg,69.36540554
Grimes,74.14987406
Guadalupe,63.7801468
Hale,72.10861168
Hall,81.81818182
Hamilton,84.6771959
Hansford,88.85464818
Hardeman,79.88087359
Hardin,86.08573436
Harris,41.82711164
Harrison,70.97557275
Hartley,88.79177378
Haskell,79.49008499
Hays,47.15899558
Hemphill,86.54416123
Henderson,78.96164797
Hidalgo,28.09873403
Hill,78.06446614
Hockley,79.55232079
Hood,81.80321593
Hopkins,79.43009795
Houston,74.74102626
Howard,76.33456052
Hudspeth,57.74971297
Hunt,76.5303832
Hutchinson,86.62318484
Irion,86.84210526
Jack,89.03863432
Jackson,80.87203791
Jasper,79.23002022
Jeff Davis,59.06382979
Jefferson,49.02304179
Jim Hogg,20.29259084
Jim Wells,43.82796047
Johnson,77.47511786
Jones,81.16992583
Karnes,70.70489845
Kaufman,72.07838161
Kendall,78.56641252
Kenedy,45.16129032
Kent,83.1408776
Kerr,76.47466436
Kimble,87.24935733
King,93.71069182
Kinney,65.73033708
Kleberg,46.01919224
Knox,79.3814433
Lamar,78.47008685
Lamb,77.84891165
Lampasas,78.18137195
La Salle,42.45973646
Lavaca,85.01100429
Lee,76.60226924
Leon,86.28324558
Liberty,78.06251294
Limestone,75.14382845
Lipscomb,87.67019667
Live Oak,80.85305835
Llano,79.82075744
Loving,89.0625
Lubbock,66.86314501
Lynn,77.41612419
Madison,78.19285548
Marion,70.5658583
Martin,82.79202279
Mason,80.6624452
Matagorda,69.16546396
Maverick,20.72416838
McCulloch,82.50162022
McLennan,61.65101271
McMullen,91.34808853
Medina,70.13440391
Menard,79.18604651
Midland,75.67944537
Milam,73.66097363
Mills,87.08668454
Mitchell,81.27853881
Montague,87.47094375
Montgomery,73.9539991
Moore,75.52261498
Morris,69.35938759
Motley,92.09677419
Nacogdoches,65.76460098
Navarro,73.15346112
Newton,73.840399
Nolan,74.85244519
Nueces,48.77354316
Ochiltree,88.15833613
Oldham,89.94708995
Orange,79.92506533
Palo Pinto,80.80589681
Panola,81.10054739
Parker,82.30904224
Parmer,67.81405252
Pecos,59.10727142
Polk,77.1890605
Potter,68.82809742
Presidio,29.59600545
Rains,84.64362851
Randall,80.61063312
Reagan,78.77777778
Real,82.35995232
Red River,76.23858558
Reeves,44.50376884
Refugio,62.13921902
Roberts,95.27272727
Robertson,66.54778887
Rockwall,71.83586734
Runnels,86.08233732
Rusk,77.26124039
Sabine,85.99741491
San Augustine,73.53353915
San Jacinto,78.11741873
San Patricio,60.44717148
San Saba,86.02378929
Schleicher,77.70398482
Scurry,83.69131344
Shackelford,91.74434088
Shelby,79.04541446
Sherman,86.49517685
Smith,70.5030002
Somervell,82.71413829
Starr,18.97185869
Stephens,87.83666377
Sterling,86.72985782
Stonewall,79.17261056
Sutton,75.97173145
Swisher,76.30136986
Tarrant,52.15243078
Taylor,73.28237529
Terrell,65.67505721
Terry,73.45433919
Throckmorton,88.49009901
Titus,69.8016565
Tom Green,71.84547554
Travis,27.40475362
Trinity,79.18756269
Tyler,82.83347973
Upshur,82.91242618
Upton,74.15123457
Uvalde,54.02864816
Val Verde,43.45503117
Van Zandt,85.00161372
Victoria,68.48736788
Walker,65.42701824
Waller,62.96739456
Ward,74.45062994
Washington,74.21170408
Webb,22.76539997
Wharton,69.0079554
Wheeler,90.50303556
Wichita,72.82198718
Wilbarger,77.20068276
Willacy,30.3227076
Williamson,51.87857813
Wilson,72.66164633
Winkler,74.906567
Wise,83.75572767
Wood,84.09846616
Yoakum,78.16441931
Young,86.01462523
Zapata,32.80153159
Zavala,20.41297935
Beaver,73.81526104
Box Elder,62.38820401
Cache,46.38646562
Carbon,66.28293681
Daggett,70.32258065
Davis,44.89255788
Duchesne,79.41431044
Emery,79.80295567
Garfield,68.744551
Grand,43.4021544
Iron,65.29243194
Juab,67.6889107
Kane,64.56059736
Millard,73.74856706
Morgan,61.44859813
Piute,87.03403566
Rich,71.71532847
Salt Lake,32.62819395
San Juan,48.93221913
Sanpete,65.82123134
Sevier,77.69619644
Summit,35.56350271
Tooele,51.27215022
Uintah,76.65916324
Utah,51.30557556
Wasatch,50.45379538
Washington,68.81761575
Wayne,68.0141844
Weber,47.20261261
Accomack,54.47159632
Albemarle,34.26087576
Alexandria city,17.80087116
Alleghany,66.69860389
Amelia,66.86567164
Amherst,63.59140069
Appomattox,71.8380689
Arlington,16.88815525
Augusta,71.33466081
Bath,69.01471244
Bedford,72.48376239
Bland,82.33034571
Botetourt,71.71825546
Bristol city,70.11197244
Brunswick,39.82995422
Buchanan,79.08893709
Buckingham,54.4892916
Buena Vista city,59.79123173
Campbell,71.43067088
Caroline,50.34181408
Carroll,78.4058291
Charles City,36.87583445
Charlotte,60.06560773
Charlottesville city,13.28620954
Chesapeake city,48.27814392
Chesterfield,48.45625485
Clarke,57.27462797
Colonial Heights city,67.41426368
Covington city,56.94385817
Craig,76.83189655
Culpeper,60.40204645
Cumberland,55.24102564
Danville city,38.73396246
Dickenson,77.00234192
Dinwiddie,55.02844898
Emporia city,33.46007605
Essex,49.62644752
Fairfax,29.07519093
Fairfax city,31.17091277
Falls Church city,17.25577149
Fauquier,59.55715979
Floyd,66.34470647
Fluvanna,52.01600949
Franklin,69.24081328
Franklin city,35.17326733
Frederick,64.95651957
Fredericksburg city,33.50696004
Galax city,67.83749471
Giles,72.35236701
Gloucester,67.03032166
Goochland,60.11486001
Grayson,77.05979609
Greene,62.53814585
Greensville,39.81205592
Halifax,57.22884457
Hampton city,28.95151978
Hanover,63.53730361
Harrisonburg city,35.22296954
Henrico,36.84353506
Henry,63.28602938
Highland,68.8713156
Hopewell city,43.32069581
Isle of Wight,58.44929447
James City,49.80227906
King and Queen,56.9571231
King George,61.31862622
King William,65.61399648
Lancaster,53.34141537
Lee,80.6372287
Lexington city,31.29084967
Loudoun,38.62813081
Louisa,60.0159936
Lunenburg,57.48610364
Lynchburg city,50.86141051
Madison,63.7150274
Manassas city,39.01380671
Manassas Park city,33.21825853
Martinsville city,36.59117998
Mathews,66.42101285
Mecklenburg,54.57600316
Middlesex,61.19452786
Montgomery,45.56739665
Nelson,50.32132897
New Kent,66.73518047
Newport News city,34.55985504
Norfolk city,26.43936572
Northampton,43.78871862
Northumberland,62.24315068
Norton city,70.12362637
Nottoway,55.26276612
Orange,61.26362418
Page,73.37522273
Patrick,76.02780068
Petersburg city,10.55624408
Pittsylvania,68.61488939
Poquoson city,71.53500141
Portsmouth city,29.70465116
Powhatan,70.7097773
Prince Edward,44.97969933
Prince George,56.73482032
Prince William,37.32378809
Pulaski,68.25039704
Radford city,43.7168435
Rappahannock,56.97569757
Richmond,60.61353054
Richmond city,15.04792872
Roanoke,61.5306387
Roanoke city,38.45139954
Rockbridge,62.43331774
Rockingham,69.16192249
Russell,78.03198032
Salem city,59.56797757
Scott,81.96916957
Shenandoah,69.23039095
Smyth,76
Southampton,56.751578
Spotsylvania,55.76244705
Stafford,51.78270849
Staunton city,46.02476669
Suffolk city,41.03603711
Surry,44.8943662
Sussex,40.80619539
Tazewell,81.96809949
Virginia Beach city,49.09876888
Warren,66.11207914
Washington,75.08846976
Waynesboro city,52.64428352
Westmoreland,52.23736582
Williamsburg city,25.49774356
Winchester city,45.26196331
Wise,79.93462744
Wythe,75.80377358
York,55.26099466
Addison,30.1102774
Bennington,36.24961762
Caledonia,42.67314515
Chittenden,23.68274595
Essex,55.654102
Franklin,45.17627626
Grand Isle,39.35944944
Lamoille,30.66746843
Orange,37.11378491
Orleans,46.94211867
Rutland,45.0867679
Washington,27.89488379
Windham,25.82383812
Windsor,30.91405576
Adams,67.14040676
Asotin,58.98389095
Benton,59.28459048
Chelan,54.96990699
Clallam,47.55191754
Clark,46.2703796
Columbia,68.67802856
Cowlitz,52.90975047
Douglas,62.85863783
Ferry,61.17977528
Franklin,55.17877963
Garfield,68.26298701
Grant,65.39985846
Grays Harbor,49.62971275
Island,43.03830289
Jefferson,29.78109453
King,21.71453729
Kitsap,39.42002107
Kittitas,53.69804734
Klickitat,54.67085911
Lewis,65.105021
Lincoln,71.943078
Mason,48.75931862
Okanogan,57.88120812
Pacific,50.04218618
Pend Oreille,64.28992339
Pierce,42.17277552
San Juan,25.03541411
Skagit,44.37270887
Skamania,52.08519778
Snohomish,37.62019541
Spokane,49.90652679
Stevens,67.277041
Thurston,37.79118732
Wahkiakum,56.92241749
Walla Walla,54.64550157
Whatcom,37.18895244
Whitman,45.03627968
Yakima,54.75755816
Adams,59.19659642
Ashland,43.25006308
Barron,60.38464955
Bayfield,43.46222737
Brown,52.70084786
Buffalo,58.50310649
Burnett,62.07133846
Calumet,58.06122063
Chippewa,56.91589082
Clark,63.81015648
Columbia,48.34909687
Crawford,50.06512113
Dane,23.38799392
Dodge,62.2238311
Door,49.33900448
Douglas,43.52941176
Dunn,52.1448999
Eau Claire,43.08616864
Florence,71.55790268
Fond du Lac,60.75860179
Forest,61.83714222
Grant,51.33674276
Green,46.26150817
Green Lake,66.66666667
Iowa,39.66839891
Iron,60.10928962
Jackson,53.32536405
Jefferson,55.30904451
Juneau,61.24744376
Kenosha,47.51071546
Kewaunee,61.59002048
La Crosse,42.02277614
Lafayette,52.31518022
Langlade,63.76696721
Lincoln,57.68042299
Manitowoc,58.09807207
Marathon,56.66022745
Marinette,65.04329546
Marquette,60.30974018
Menominee,21.03205629
Milwaukee,28.98843598
Monroe,58.51488187
Oconto,66.52780566
Oneida,56.03973701
Outagamie,53.3667116
Ozaukee,57.07165343
Pepin,59.47677523
Pierce,53.392764
Polk,61.09911419
Portage,45.40566062
Price,60.34391534
Racine,49.76622046
Richland,50.50238634
Rock,41.95328012
Rusk,64.93100014
Sauk,47.34938216
Sawyer,59.54680057
Shawano,64.69005432
Sheboygan,55.5292503
St. Croix,55.79572396
Taylor,69.96920463
Trempealeau,54.26699065
Vernon,49.27781301
Vilas,60.72251542
Walworth,57.04567926
Washburn,59.65338338
Washington,67.84487055
Waukesha,61.09622631
Waupaca,62.81824958
Waushara,64.11671265
Winnebago,50.58329064
Wood,57.01633432
Barbour,74.85059761
Berkeley,65.95744681
Boone,74.91333487
Braxton,69.44499309
Brooke,68.90985325
Cabell,60.08378949
Calhoun,77.68817204
Clay,77.38336714
Doddridge,83.0502477
Fayette,67.57753342
Gilmer,74.72310127
Grant,87.72497472
Greenbrier,67.92763158
Hampshire,77.6674068
Hancock,70.1629489
Hardy,75.45665892
Harrison,67.05540405
Jackson,73.99240172
Jefferson,54.75069771
Kanawha,57.95509094
Lewis,76.18010167
Lincoln,75.22896394
Logan,80.1136825
Marion,63.69271061
Marshall,73.11014293
Mason,75.10627781
McDowell,74.67227707
Mercer,75.75374144
Mineral,78.50131464
Mingo,83.1766818
Monongalia,51.15159656
Monroe,76.49029982
Morgan,74.89194499
Nicholas,76.38785296
Ohio,62.16398227
Pendleton,74.34620174
Pleasants,74.82428115
Pocahontas,68.36142581
Preston,75.33898977
Putnam,71.41103793
Raleigh,74.49421719
Randolph,70.10909763
Ritchie,83.56435644
Roane,72.06725258
Summers,71.05426037
Taylor,72.34533703
Tucker,73.81639723
Tyler,81.93869097
Upshur,75.93681917
Wayne,73.45490716
Webster,77.2927242
Wetzel,72.05621063
Wirt,78.9626556
Wood,71.38643068
Wyoming,83.5830452
Albany,46.2911084
Big Horn,80.07481788
Campbell,87.97323669
Carbon,71.11290323
Converse,84.24908425
Crook,88.75629806
Fremont,67.50287131
Goshen,77.40014015
Hot Springs,76.48915187
Johnson,79.94941366
Laramie,62.19551884
Lincoln,80.72160038
Natrona,72.3940541
Niobrara,86.04471858
Park,75.95325953
Platte,77.06278027
Sheridan,72.36202157
Sublette,79.33441936
Sweetwater,72.94280055
Teton,32.19448095
Uinta,76.41872594
Washakie,78.35800808
Weston,86.92261548
