County_Name,Real_GDP_in_thousands_of_chained_2012_dollars_per_capita_2018
Autauga,26.71229719
Baldwin,26.50519382
Barbour,31.65909456
Bibb,16.28278267
Blount,14.69792803
Bullock,24.00068803
Butler,29.07065356
Calhoun,34.55262352
Chambers,57.77431548
Cherokee,19.14403783
Chilton,18.9726015
Choctaw,42.68471908
Clarke,32.80035956
Clay,25.51873025
Cleburne,19.58820786
Coffee,28.30148219
Colbert,50.10250164
Conecuh,36.58037748
Coosa,16.64032698
Covington,31.03669526
Crenshaw,29.52759494
Cullman,30.55152365
Dale,50.98007855
Dallas,30.68185617
DeKalb,24.76527511
Elmore,20.91306119
Escambia,32.08865404
Etowah,27.32133982
Fayette,20.17859532
Franklin,28.30950859
Geneva,19.75306014
Greene,28.73114874
Hale,18.98711777
Henry,19.08303733
Houston,41.5146416
Jackson,25.55857112
Jefferson,63.349284
Lamar,21.32646593
Lauderdale,26.6412466
Lawrence,17.09747731
Lee,36.74522779
Limestone,34.19223931
Lowndes,41.44114698
Macon,23.86905737
Madison,59.14799294
Marengo,34.50393577
Marion,27.03361345
Marshall,31.83670583
Mobile,43.20502624
Monroe,29.3543823
Montgomery,55.7753064
Morgan,41.77818511
Perry,20.22403528
Pickens,19.55785786
Pike,39.38096384
Randolph,18.82360188
Russell,25.48909733
St. Clair,19.90831773
Shelby,47.85777636
Sumter,25.85926864
Talladega,35.44173104
Tallapoosa,29.26209449
Tuscaloosa,43.40725522
Walker,32.32995649
Washington,48.73125229
Wilcox,35.70317955
Winston,28.17097877
Aleutians East,59.38497791
Aleutians West,62.61968085
Anchorage,69.97753002
Bethel,34.31527526
Bristol Bay,148.1147727
Denali,116.7632874
Dillingham,49.77599679
Fairbanks North Star,57.36406432
Haines,39.77451768
Hoonah-Angoon,38.61531323
Juneau,71.73624247
Kenai Peninsula,47.95920493
Ketchikan Gateway,57.78897229
Kodiak Island,53.96550943
Kusilvak,17.42112219
Lake and Peninsula,55.21553885
Matanuska-Susitna,21.15864258
Nome,39.46026062
North Slope,1062.897766
Northwest Arctic,90.5595269
Petersburg,53.07583231
Prince of Wales-Hyder,34.4740566
Sitka,51.85012859
Skagway,81.56201882
Southeast Fairbanks,91.96237567
Valdez-Cordova,254.5152276
Wrangell,37.08431836
Yakutat,47.68456376
Yukon-Koyukuk,51.04105244
Apache,36.517949
Cochise,34.83980033
Coconino,47.50420634
Gila,36.90148882
Graham,28.8980129
Greenlee,187.4638019
La Paz,28.63296735
Maricopa,50.15214032
Mohave,24.2150345
Navajo,32.07077158
Pima,38.60035464
Pinal,15.525078
Santa Cruz,36.66824011
Yavapai,27.96656197
Yuma,37.21144831
Arkansas,58.04439806
Ashley,45.36658005
Baxter,27.17850279
Benton,48.6475175
Boone,30.76463822
Bradley,30.47453405
Calhoun,65.98316434
Carroll,28.05676763
Chicot,23.37655622
Clark,32.89638327
Clay,20.64370385
Cleburne,35.61742818
Cleveland,21.24252658
Columbia,35.12740609
Conway,46.22117647
Craighead,37.04711623
Crawford,24.72967387
Crittenden,30.63302525
Cross,26.51479254
Dallas,26.89038031
Desha,43.28191536
Drew,31.35033828
Faulkner,29.43725327
Franklin,27.01733844
Fulton,15.25755606
Garland,30.83710567
Grant,21.48052805
Greene,29.61739341
Hempstead,40.45275536
Hot Spring,25.64768947
Howard,44.92294392
Independence,44.235914
Izard,20.1156678
Jackson,31.52945741
Jefferson,42.85598014
Johnson,26.19325556
Lafayette,26.12127564
Lawrence,27.02099562
Lee,19.83712121
Lincoln,19.80597694
Little River,30.8089778
Logan,27.72246574
Lonoke,15.79257675
Madison,25.16850018
Marion,29.65772577
Miller,25.42036806
Mississippi,53.48270928
Monroe,27.4505814
Montgomery,17.63883277
Nevada,32.85495908
Newton,12.43115385
Ouachita,26.02074513
Perry,13.64065511
Phillips,25.39165836
Pike,23.27854866
Poinsett,23.26026022
Polk,25.12223388
Pope,42.34377457
Prairie,20.47673843
Pulaski,69.42297368
Randolph,23.14095715
St. Francis,26.96526716
Saline,16.44811438
Scott,27.89292968
Searcy,15.44552333
Sebastian,47.55915184
Sevier,27.09213997
Sharp,17.91839213
Stone,18.33154007
Union,71.70400368
Van Buren,39.57228735
Washington,41.53950154
White,28.98807109
Woodruff,32.58877204
Yell,25.63954897
Alameda,78.41692425
Alpine,197.3324151
Amador,41.91752316
Butte,40.02758977
Calaveras,31.51669657
Colusa,78.12279391
Contra Costa,67.32890808
Del Norte,33.88053353
El Dorado,40.12617827
Fresno,43.78945108
Glenn,53.4589695
Humboldt,44.90977217
Imperial,44.28126463
Inyo,67.16059289
Kern,55.79165054
Kings,37.31437027
Lake,33.87382807
Lassen,44.35763277
Los Angeles,70.5677883
Madera,45.25650489
Marin,80.47395075
Mariposa,46.6114335
Mendocino,40.6481276
Merced,34.41777342
Modoc,50.20454545
Mono,70.08164966
Monterey,59.53384722
Napa,72.05008322
Nevada,41.91028862
Orange,72.46457574
Placer,56.13022456
Plumas,56.14172136
Riverside,32.61749235
Sacramento,55.39260346
San Benito,40.60463338
San Bernardino,39.28207553
San Diego,65.79803567
San Francisco,184.5599889
San Joaquin,38.88097
San Luis Obispo,58.35952201
San Mateo,136.5796123
Santa Barbara,62.48812867
Santa Clara,163.8045217
Santa Cruz,50.26895169
Shasta,42.59708751
Sierra,71.74941608
Siskiyou,40.78257176
Solano,52.28334511
Sonoma,57.28671815
Stanislaus,42.25446886
Sutter,36.18253622
Tehama,34.52766409
Trinity,40.32736532
Tulare,39.63739563
Tuolumne,44.69707835
Ventura,63.00742093
Yolo,62.47390945
Yuba,38.9421071
Adams,46.80502548
Alamosa,41.33142541
Arapahoe,67.5637875
Archuleta,35.17370721
Baca,38.35742188
Bent,28.52272727
Boulder,77.9933772
Broomfield,116.1313542
Chaffee,34.53490345
Cheyenne,126.7003765
Clear Creek,52.11713869
Conejos,29.85551889
Costilla,28.2429171
Crowley,21.25868726
Custer,25.89967572
Delta,25.43880326
Denver,97.80511263
Dolores,76.01213592
Douglas,45.90021254
Eagle,61.43566969
Elbert,18.4045166
El Paso,46.83287342
Fremont,27.63072625
Garfield,71.08158992
Gilpin,85.91982984
Grand,46.07717104
Gunnison,59.93604008
Hinsdale,65.22153465
Huerfano,39.76985625
Jackson,85.05806452
Jefferson,50.82158539
Kiowa,53.51559101
Kit Carson,54.6892024
Lake,39.43831252
La Plata,62.45016785
Larimer,47.8906348
Las Animas,49.03915081
Lincoln,69.90902604
Logan,47.67733968
Mesa,40.88331557
Mineral,99.85621762
Moffat,74.93666085
Montezuma,68.79405017
Montrose,33.49350803
Morgan,55.34929959
Otero,32.40369724
Ouray,41.58233098
Park,21.63578947
Phillips,49.78179697
Pitkin,105.7456053
Prowers,48.46113089
Pueblo,36.34495467
Rio Blanco,116.3488152
Rio Grande,38.6519386
Routt,65.71670522
Saguache,24.9502924
San Juan,58.48298429
San Miguel,77.13594132
Sedgwick,53.80536028
Summit,69.5754616
Teller,34.1713057
Washington,49.22749591
Weld,65.21682575
Yuma,67.6851312
Fairfield,82.57799869
Hartford,85.13643483
Litchfield,42.45743947
Middlesex,53.45577454
New Haven,56.08155935
New London,64.15983251
Tolland,32.08757773
Windham,39.82277313
Kent,37.52682872
New Castle,76.25798583
Sussex,59.15097498
Alachua,46.29843668
Baker,21.01477798
Bay,40.84393793
Bradford,23.77720525
Brevard,39.37726624
Broward,49.77878863
Calhoun,17.19755209
Charlotte,25.26741286
Citrus,23.77417695
Clay,20.8817274
Collier,41.67175391
Columbia,29.97060905
DeSoto,22.17108221
Dixie,16.46778544
Duval,62.24233122
Escambia,44.85366419
Flagler,19.26230093
Franklin,29.05472765
Gadsden,26.3637294
Gilchrist,21.04359002
Glades,19.73301184
Gulf,23.38932243
Hamilton,27.50932548
Hardee,40.97533863
Hendry,29.41866654
Hernando,20.03189178
Highlands,24.19315182
Hillsborough,55.06604707
Holmes,16.64717379
Indian River,34.01573285
Jackson,24.92149568
Jefferson,21.1402835
Lafayette,24.05384881
Lake,23.22323952
Lee,35.84792768
Leon,48.56782796
Levy,27.01779499
Liberty,21.61041889
Madison,26.42508091
Manatee,31.94593889
Marion,25.72777403
Martin,43.21772157
Miami-Dade,53.73505463
Monroe,56.92993298
Nassau,25.75516664
Okaloosa,50.81375221
Okeechobee,27.64711672
Orange,63.5097594
Osceola,22.7296855
Palm Beach,48.73673052
Pasco,20.84696989
Pinellas,48.19260414
Polk,31.8194105
Putnam,27.1435112
St. Johns,28.98946079
St. Lucie,25.93839744
Santa Rosa,21.39661452
Sarasota,41.78594466
Seminole,42.25378854
Sumter,19.30438397
Suwannee,24.67513977
Taylor,39.75219308
Union,19.52035491
Volusia,30.11599503
Wakulla,18.70123099
Walton,35.50226206
Washington,19.83180736
Appling,76.51025586
Atkinson,28.64863229
Bacon,32.12953647
Baker,28.43227479
Baldwin,27.55964181
Banks,22.81931267
Barrow,23.31878912
Bartow,42.25832409
Ben Hill,28.6023065
Berrien,18.41664071
Bibb,52.19488826
Bleckley,18.1288511
Brantley,12.65704504
Brooks,18.53517669
Bryan,21.22084133
Bulloch,27.72711737
Burke,110.9487499
Butts,23.17311508
Calhoun,19.62301275
Camden,34.77499021
Candler,22.46587236
Carroll,33.84842835
Catoosa,20.2784209
Charlton,14.94055267
Chatham,58.2680156
Chattahoochee,134.2235849
Chattooga,22.16229521
Cherokee,24.43102783
Clarke,54.14235314
Clay,27.46914008
Clayton,57.92491623
Clinch,37.35786764
Cobb,60.07018795
Coffee,32.28136105
Colquitt,28.65851941
Columbia,21.38335378
Cook,21.35554132
Coweta,25.38062165
Crawford,13.38041187
Crisp,31.52040501
Dade,23.1775436
Dawson,32.41859354
Decatur,31.01930531
DeKalb,49.5377292
Dodge,20.73563218
Dooly,22.78364578
Dougherty,47.06817265
Douglas,26.53381509
Early,53.88158662
Echols,12.21625
Effingham,28.75912772
Elbert,30.26341974
Emanuel,27.60299907
Evans,32.54288918
Fannin,23.15091798
Fayette,38.11708679
Floyd,38.66125311
Forsyth,36.60905596
Franklin,39.0669011
Fulton,145.1094587
Gilmer,26.84760824
Glascock,14.85287202
Glynn,41.47356281
Gordon,37.4782571
Grady,27.16416404
Greene,34.66266283
Gwinnett,47.66182413
Habersham,30.68833888
Hall,43.49044349
Hancock,19.22681644
Haralson,24.09360306
Harris,13.01964699
Hart,33.76844003
Heard,95.41740376
Henry,23.7537305
Houston,38.83412743
Irwin,19.32194551
Jackson,37.64379666
Jasper,17.01860432
Jeff Davis,26.42869484
Jefferson,33.32579098
Jenkins,15.49526526
Johnson,14.03544199
Jones,13.56338912
Lamar,20.91218818
Lanier,14.9583776
Laurens,38.77144245
Lee,18.37397062
Liberty,53.003828
Lincoln,16.58422713
Long,6.336022209
Lowndes,39.23344711
Lumpkin,21.17261923
McDuffie,29.01212149
McIntosh,13.49825443
Macon,32.58974164
Madison,16.26104851
Marion,15.33715514
Meriwether,23.06276666
Miller,30.09482759
Mitchell,32.10693472
Monroe,59.48892848
Montgomery,15.46465969
Morgan,35.70134353
Murray,31.31655109
Muscogee,50.02626578
Newton,22.07684083
Oconee,31.7738234
Oglethorpe,22.00218833
Paulding,13.96065296
Peach,34.30256185
Pickens,29.03045543
Pierce,19.16494739
Pike,14.95152035
Polk,27.90178529
Pulaski,23.92472924
Putnam,20.42603116
Quitman,21.74247788
Rabun,27.64922584
Randolph,53.28288315
Richmond,57.53895779
Rockdale,37.60865146
Schley,21.3332696
Screven,23.66647564
Seminole,30.01608222
Spalding,29.22561907
Stephens,32.52320529
Stewart,20.42533023
Sumter,33.991274
Talbot,21.71017488
Taliaferro,25.3573201
Tattnall,23.48247989
Taylor,24.52955112
Telfair,25.05584074
Terrell,28.38663095
Thomas,46.2450715
Tift,42.48547186
Toombs,33.81778306
Towns,24.53354121
Treutlen,17.51944811
Troup,52.64566626
Turner,24.10584219
Twiggs,32.93491559
Union,26.63459527
Upson,24.21642162
Walker,19.91548464
Walton,24.73672239
Ware,35.21457274
Warren,36.21860111
Washington,28.44732974
Wayne,24.05192888
Webster,26.13085188
Wheeler,16.00151937
White,21.73436041
Whitfield,53.76532149
Wilcox,16.74294777
Wilkes,30.37621655
Wilkinson,51.87106049
Worth,16.5130529
Hawaii,40.31757887
Honolulu,62.35170708
Kalawao,0
Kauai,56.58592451
Maui,55.97129459
Ada,52.96026145
Adams,30.36065187
Bannock,31.67464291
Bear Lake,28.43414957
Benewah,32.31774788
Bingham,28.9416636
Blaine,61.49404945
Boise,28.98772044
Bonner,29.95233195
Bonneville,42.12583731
Boundary,27.99300932
Butte,371.0316969
Camas,48.30240856
Canyon,24.04505098
Caribou,60.80360949
Cassia,69.29237947
Clark,48.87661575
Clearwater,37.10561772
Custer,41.71552941
Elmore,42.5333309
Franklin,24.34690601
Fremont,30.6209046
Gem,18.17302553
Gooding,84.16161683
Idaho,29.50995387
Jefferson,19.16466587
Jerome,56.48566442
Kootenai,34.29883567
Latah,31.19392905
Lemhi,29.23008069
Lewis,40.80323591
Lincoln,53.02964061
Madison,28.41506839
Minidoka,35.52811429
Nez Perce,46.93518979
Oneida,24.80210668
Owyhee,32.83280487
Payette,33.19351682
Power,54.41831169
Shoshone,36.48076622
Teton,26.52244443
Twin Falls,38.62970626
Valley,41.30169676
Washington,40.03114187
Adams,50.05668744
Alexander,29.87700712
Bond,33.42796177
Boone,31.91789454
Brown,61.45543197
Bureau,36.42334415
Calhoun,22.62787327
Carroll,32.37012715
Cass,51.85177063
Champaign,49.33690774
Christian,41.22935106
Clark,38.98102564
Clay,44.36619931
Clinton,32.1211237
Coles,45.36457534
Cook,70.00509845
Crawford,167.5249071
Cumberland,31.82515735
DeKalb,34.63923948
De Witt,71.5300114
Douglas,51.50657827
DuPage,89.07682743
Edgar,43.58381336
Edwards,43.80836073
Effingham,59.73962143
Fayette,28.03327405
Ford,59.68899485
Franklin,32.25119524
Fulton,26.3432673
Gallatin,54.84697721
Greene,28.86261003
Grundy,61.71759559
Hamilton,56.52098675
Hancock,38.3229751
Hardin,27.15566401
Henderson,30.02314469
Henry,29.28360064
Iroquois,38.43676321
Jackson,48.97835536
Jasper,59.04842062
Jefferson,44.96345603
Jersey,23.03808213
Jo Daviess,38.40570062
Johnson,18.27054657
Kane,41.00999962
Kankakee,39.74981128
Kendall,22.78914318
Knox,35.03511545
Lake,85.91732265
LaSalle,49.45550985
Lawrence,32.31221147
Lee,43.98058083
Livingston,49.10956488
Logan,38.42179718
McDonough,38.36786286
McHenry,33.22433666
McLean,68.45600023
Macon,62.42331394
Macoupin,25.66525442
Madison,42.77472294
Marion,36.71383858
Marshall,35.15405382
Mason,42.6967413
Massac,49.22812522
Menard,23.52787045
Mercer,25.96964825
Monroe,26.86111192
Montgomery,46.17256282
Morgan,42.49266759
Moultrie,47.29812944
Ogle,53.58951183
Peoria,66.66129997
Perry,33.67692963
Piatt,29.17756324
Pike,39.99852517
Pope,23.02533461
Pulaski,43.46337873
Putnam,58.93200837
Randolph,45.68819343
Richland,61.3067856
Rock Island,73.59491239
St. Clair,40.8612412
Saline,35.72184623
Sangamon,54.0321255
Schuyler,41.58908297
Scott,38.55408971
Shelby,37.29549848
Stark,41.98320413
Stephenson,42.93716097
Tazewell,61.95617969
Union,26.64359553
Vermilion,42.83751402
Wabash,32.64609911
Warren,44.19420904
Washington,72.39802843
Wayne,39.71223815
White,42.08826553
Whiteside,37.63020899
Will,40.81518457
Williamson,41.74272193
Winnebago,46.11927511
Woodford,29.98058504
Adams,39.80828768
Allen,52.56534757
Bartholomew,76.92098837
Benton,48.74586848
Blackford,24.57187186
Boone,67.66695055
Brown,15.88883782
Carroll,32.77199326
Cass,33.20324581
Clark,37.35177353
Clay,24.47633238
Clinton,34.19635313
Crawford,17.83056447
Daviess,34.85533986
Dearborn,30.53447718
Decatur,53.57253508
DeKalb,57.09470468
Delaware,33.88130922
Dubois,61.29643343
Elkhart,58.54871436
Fayette,25.26750737
Floyd,33.41048899
Fountain,32.74978646
Franklin,21.80366423
Fulton,31.2247544
Gibson,86.34989586
Grant,64.75509926
Greene,19.44970211
Hamilton,48.97268635
Hancock,28.51165041
Harrison,22.21398021
Hendricks,36.13279172
Henry,23.57173132
Howard,63.86407236
Huntington,35.76972105
Jackson,56.62557865
Jasper,39.30870673
Jay,46.2314855
Jefferson,42.71664023
Jennings,23.92687597
Johnson,29.05123868
Knox,50.83757788
Kosciusko,57.28349451
LaGrange,37.84591746
Lake,46.65602758
LaPorte,35.82802484
Lawrence,29.87584922
Madison,26.97020213
Marion,86.5720799
Marshall,34.28622343
Martin,100.5927194
Miami,23.12977613
Monroe,41.30011547
Montgomery,41.4493651
Morgan,22.10495174
Newton,24.98448448
Noble,36.01796269
Ohio,17.63225038
Orange,30.94526294
Owen,22.32024734
Parke,18.27229356
Perry,36.51019552
Pike,55.74176623
Porter,37.58617129
Posey,59.65762699
Pulaski,41.63256484
Putnam,27.38280958
Randolph,29.47617512
Ripley,43.30200351
Rush,33.34192967
St. Joseph,46.33269489
Scott,26.51303397
Shelby,45.64240151
Spencer,54.67392691
Starke,19.8419241
Steuben,39.31333546
Sullivan,42.64253962
Switzerland,19.36949026
Tippecanoe,43.10840638
Tipton,42.78771837
Union,18.79641485
Vanderburgh,57.83103467
Vermillion,48.74003868
Vigo,42.3102443
Wabash,37.84893262
Warren,34.82016908
Warrick,32.25469795
Washington,22.6658313
Wayne,40.26592072
Wells,37.86212299
White,38.84299507
Whitley,35.56909566
Adair,45.87743851
Adams,81.33534577
Allamakee,39.09204447
Appanoose,28.06765583
Audubon,45.61615792
Benton,28.91129756
Black Hawk,54.02159835
Boone,36.78637124
Bremer,41.69223367
Buchanan,28.40107659
Buena Vista,73.7866438
Butler,50.88860585
Calhoun,50.48954794
Carroll,65.7735821
Cass,49.5040933
Cedar,29.32234432
Cerro Gordo,55.36306927
Cherokee,77.61841523
Chickasaw,57.74439424
Clarke,44.3134077
Clay,59.90158947
Clayton,47.44828962
Clinton,45.36382626
Crawford,43.09216455
Dallas,52.95354241
Davis,24.65258582
Decatur,28.41001267
Delaware,49.48492477
Des Moines,56.14802422
Dickinson,49.65983295
Dubuque,53.59082561
Emmet,39.13387949
Fayette,35.49956807
Floyd,40.8841417
Franklin,67.34893406
Fremont,34.56496204
Greene,46.57412158
Grundy,52.05035854
Guthrie,42.65979478
Hamilton,54.23512025
Hancock,70.5334267
Hardin,59.2029285
Harrison,31.99680964
Henry,39.84954825
Howard,45.52638465
Humboldt,46.42996129
Ida,62.67134093
Iowa,49.70275457
Jackson,30.57075205
Jasper,28.47073059
Jefferson,37.09509202
Johnson,55.70240918
Jones,26.94253374
Keokuk,32.98550867
Kossuth,71.66366447
Lee,46.61550031
Linn,70.68033734
Louisa,49.43369497
Lucas,35.96112336
Lyon,95.3352518
Madison,24.25132667
Mahaska,39.63339086
Marion,46.48368863
Marshall,42.41756919
Mills,33.75803026
Mitchell,61.72556996
Monona,42.29402933
Monroe,54.60350154
Montgomery,38.73265736
Muscatine,53.61384522
O'Brien,80.90781273
Osceola,82.1284008
Page,34.91982402
Palo Alto,59.40626755
Plymouth,62.20000799
Pocahontas,80.22966935
Polk,75.65916889
Pottawattamie,49.72584277
Poweshiek,61.16266854
Ringgold,37.63036437
Sac,60.70087584
Scott,47.50414055
Shelby,88.51250108
Sioux,76.90718924
Story,49.74778107
Tama,32.54472701
Taylor,38.0099026
Union,43.56496991
Van Buren,31.91130757
Wapello,46.53325141
Warren,20.44305485
Washington,52.19729803
Wayne,36.70288837
Webster,57.71163213
Winnebago,40.93320049
Winneshiek,49.37977719
Woodbury,46.53482905
Worth,48.03831108
Wright,75.54688731
Allen,37.91792657
Anderson,29.54446993
Atchison,35.76813207
Barber,49.65285554
Barton,46.28038531
Bourbon,38.42105625
Brown,45.05900104
Butler,34.16574148
Chase,43.635
Chautauqua,22.71973366
Cherokee,34.38812079
Cheyenne,52.28620038
Clark,125.004012
Clay,33.4015994
Cloud,36.40485459
Coffey,99.56098154
Comanche,44.28859447
Cowley,34.80013656
Crawford,35.28652566
Decatur,55.55839161
Dickinson,31.79167113
Doniphan,27.01997911
Douglas,36.81514999
Edwards,57.3929078
Elk,35.12882448
Ellis,53.07728828
Ellsworth,36.78711666
Finney,54.63704555
Ford,49.50258287
Franklin,31.58645854
Geary,77.49839827
Gove,68.25813864
Graham,51.08242424
Grant,80.30778722
Gray,127.406682
Greeley,84.46053702
Greenwood,26.84528365
Hamilton,151.3157692
Harper,54.94607843
Harvey,32.6550332
Haskell,87.45513784
Hodgeman,51.32656422
Jackson,23.82411454
Jefferson,17.79449512
Jewell,38.73075571
Johnson,72.33253306
Kearny,80.51053032
Kingman,40.65844875
Kiowa,59.39292889
Labette,39.04385612
Lane,195.9243208
Leavenworth,31.41538952
Lincoln,38.42928619
Linn,42.60966124
Logan,51.10668563
Lyon,37.37645646
McPherson,70.32929052
Marion,28.70896586
Marshall,54.26103963
Meade,82.71864324
Miami,22.41992471
Mitchell,64.54713584
Montgomery,60.43604126
Morris,32.9550117
Morton,59.38284441
Nemaha,53.17165432
Neosho,31.82595944
Ness,80.84406295
Norton,40.67946116
Osage,15.76107416
Osborne,53.27377855
Ottawa,22.37604312
Pawnee,41.47755971
Phillips,54.62073541
Pottawatomie,51.87975546
Pratt,56.80406852
Rawlins,56.7753797
Reno,37.0272577
Republic,46.70507309
Rice,46.77654751
Riley,33.04726148
Rooks,44.00740741
Rush,46.94109948
Russell,49.30817154
Saline,54.35431261
Scott,124.9572214
Sedgwick,55.93964564
Seward,59.2838097
Shawnee,50.94544532
Sheridan,52.30095163
Sherman,46.14618895
Smith,47.5735376
Stafford,33.8942816
Stanton,77.41382716
Stevens,48.44273844
Sumner,31.09148964
Thomas,53.69584955
Trego,72.53450125
Wabaunsee,18.84490741
Wallace,91.81665547
Washington,40.81908257
Wichita,138.7623106
Wilson,40.08216017
Woodson,25.72393216
Wyandotte,63.11340362
Adair,17.12422522
Allen,20.35039296
Anderson,19.2000795
Ballard,29.82244745
Barren,31.32322339
Bath,12.3691739
Bell,25.23060369
Boone,61.75206405
Bourbon,37.02773911
Boyd,88.98997716
Boyle,38.97323981
Bracken,16.38898285
Breathitt,17.60373817
Breckinridge,17.21630804
Bullitt,27.47508302
Butler,27.31640901
Caldwell,28.04419629
Calloway,32.87095781
Campbell,30.964489
Carlisle,33.84279384
Carroll,134.0780433
Carter,14.90939349
Casey,18.59085772
Christian,74.59093223
Clark,34.4182974
Clay,16.36514337
Clinton,26.59584318
Crittenden,21.56047662
Cumberland,23.65755267
Daviess,40.31576182
Edmonson,11.80888236
Elliott,9.528870516
Estill,13.41342756
Fayette,59.5558981
Fleming,18.76251294
Floyd,29.44578783
Franklin,63.54849314
Fulton,32.27678866
Gallatin,40.72861054
Garrard,11.67081454
Grant,18.72232196
Graves,31.46161473
Grayson,25.1948047
Green,13.72004001
Greenup,20.51177403
Hancock,94.36438544
Hardin,43.19218528
Harlan,21.62195446
Harrison,24.25340788
Hart,26.48465771
Henderson,42.12853753
Henry,22.73644231
Hickman,49.23087339
Hopkins,33.88790423
Jackson,11.56644035
Jefferson,64.87633397
Jessamine,27.96807858
Johnson,18.03300433
Kenton,41.78168523
Knott,13.95549217
Knox,18.45552716
Larue,13.60808448
Laurel,32.81861194
Lawrence,20.25938523
Lee,18.92626205
Leslie,15.80228549
Letcher,16.64686196
Lewis,12.71103407
Lincoln,15.98785145
Livingston,30.19363912
Logan,44.23359152
Lyon,23.14355648
McCracken,56.34558317
McCreary,13.06171197
McLean,35.81810326
Madison,28.60356976
Magoffin,11.31591333
Marion,36.77232743
Marshall,37.00782001
Martin,26.97871965
Mason,56.9131733
Meade,15.2289767
Menifee,12.19791828
Mercer,42.57215925
Metcalfe,18.54001986
Monroe,26.82752516
Montgomery,31.83514177
Morgan,17.67237511
Muhlenberg,40.85975788
Nelson,34.63652238
Nicholas,10.81612231
Ohio,35.26890791
Oldham,22.73308576
Owen,15.49186656
Owsley,11.58292356
Pendleton,16.88031259
Perry,36.63827839
Pike,46.21484989
Powell,15.94794277
Pulaski,31.75798959
Robertson,11.98638498
Rockcastle,15.84455805
Rowan,27.02979227
Russell,31.41517707
Scott,43.29214909
Shelby,29.59241765
Simpson,46.21067217
Spencer,10.17454393
Taylor,31.21697891
Todd,27.65244596
Trigg,18.48976668
Trimble,52.87458668
Union,41.01264598
Warren,41.48327342
Washington,24.51318307
Wayne,17.80146843
Webster,45.22695579
Whitley,45.23179413
Wolfe,12.91721072
Woodford,37.77630139
Acadia,25.77723663
Allen,24.66218172
Ascension,68.90454757
Assumption,20.37156066
Avoyelles,20.98960448
Beauregard,24.67101073
Bienville,55.79652252
Bossier,45.75611311
Caddo,54.74589121
Calcasieu,70.87315493
Caldwell,18.00923324
Cameron,271.9894482
Catahoula,20.28149073
Claiborne,32.53406732
Concordia,29.17732054
De Soto,137.7911106
East Baton Rouge,74.23686711
East Carroll,26.7922505
East Feliciana,22.96764492
Evangeline,25.97719131
Franklin,24.56685182
Grant,15.06306828
Iberia,43.96396587
Iberville,62.8881106
Jackson,27.87556561
Jefferson,50.13882973
Jefferson Davis,28.9584932
Lafayette,55.59314804
Lafourche,40.60497443
La Salle,31.01389169
Lincoln,40.63005179
Livingston,16.83700159
Madison,40.1850661
Morehouse,23.57467225
Natchitoches,35.8665838
Orleans,59.32636751
Ouachita,47.13355028
Plaquemines,147.3106692
Pointe Coupee,32.40390329
Rapides,40.83676319
Red River,149.0859723
Richland,24.82084755
Sabine,33.04317811
St. Bernard,28.16817016
St. Charles,183.0817432
St. Helena,13.89771277
St. James,148.1387641
St. John the Baptist,54.91221967
St. Landry,30.78562973
St. Martin,26.43207871
St. Mary,49.75650569
St. Tammany,35.0989827
Tangipahoa,29.09557895
Tensas,27.3655481
Terrebonne,49.79991544
Union,28.06334577
Vermilion,28.9230538
Vernon,38.41128043
Washington,23.40053233
Webster,28.95689833
West Baton Rouge,121.1905682
West Carroll,23.01740002
West Feliciana,52.08591531
Winn,31.11472627
Androscoggin,39.53962415
Aroostook,35.01966785
Cumberland,66.00070146
Franklin,32.927528
Hancock,40.15670333
Kennebec,41.17921405
Knox,39.16471536
Lincoln,29.9540975
Oxford,26.86490979
Penobscot,39.6388415
Piscataquis,31.91663681
Sagadahoc,40.41095545
Somerset,32.88054824
Waldo,25.07965807
Washington,32.75789406
York,36.06445847
Allegany,39.87787034
Anne Arundel,78.73399499
Baltimore,59.08739532
Calvert,44.83369359
Caroline,36.33777698
Carroll,34.50348553
Cecil,41.33434979
Charles,32.93596572
Dorchester,40.3198373
Frederick,48.94872187
Garrett,42.15470429
Harford,46.78220985
Howard,74.2478326
Kent,42.80240815
Montgomery,82.13467331
Prince George's,46.04033667
Queen Anne's,33.27245354
St. Mary's,58.6523066
Somerset,35.87893462
Talbot,53.50714787
Washington,46.81668171
Wicomico,47.70470867
Worcester,53.13818322
Baltimore City,75.68187198
Barnstable,58.36784388
Berkshire,52.89362277
Bristol,42.36187714
Dukes,102.1270702
Essex,54.77597081
Franklin,39.76605628
Hampden,44.82970956
Hampshire,42.43847237
Middlesex,97.84730769
Nantucket,159.9855331
Norfolk,72.5379961
Plymouth,45.99141433
Suffolk,140.3118906
Worcester,49.13055
Alcona,22.63108108
Alger,28.29019522
Allegan,37.79979176
Alpena,35.71564966
Antrim,24.0339579
Arenac,27.26585821
Baraga,31.12698222
Barry,23.42890039
Bay,33.57005651
Benzie,21.85000845
Berrien,44.72048248
Branch,30.15443236
Calhoun,43.01680729
Cass,19.74167231
Charlevoix,42.65467598
Cheboygan,23.07183187
Chippewa,28.68196257
Clare,28.27060355
Clinton,22.38332976
Crawford,31.77734628
Delta,32.76929944
Dickinson,49.98277561
Eaton,39.15834473
Emmet,47.02651618
Genesee,33.08599221
Gladwin,18.5180447
Gogebic,30.79577931
Grand Traverse,50.45664109
Gratiot,31.81242303
Hillsdale,32.70069144
Houghton,30.93005592
Huron,43.48309891
Ingham,49.69577384
Ionia,23.94934346
Iosco,28.41449229
Iron,28.85797911
Isabella,32.12312845
Jackson,35.70816568
Kalamazoo,47.34164274
Kalkaska,30.19824778
Kent,59.53254917
Keweenaw,29.83014354
Lake,17.75623105
Lapeer,22.67230809
Leelanau,29.68352215
Lenawee,27.25060882
Livingston,32.89425702
Luce,28.21874506
Mackinac,57.56720156
Macomb,41.66679461
Manistee,28.57166224
Marquette,46.57284464
Mason,35.12996837
Mecosta,27.07562212
Menominee,30.50233349
Midland,59.08835298
Missaukee,23.75405602
Monroe,37.58935635
Montcalm,24.94433496
Montmorency,29.56603774
Muskegon,34.58859786
Newaygo,26.10749606
Oakland,80.29549437
Oceana,27.05467897
Ogemaw,27.18135236
Ontonagon,24.52404758
Osceola,28.81794071
Oscoda,25.44224222
Otsego,37.71876141
Ottawa,45.61509689
Presque Isle,31.36108049
Roscommon,24.43318495
Saginaw,42.56219633
St. Clair,32.20770793
St. Joseph,31.25418637
Sanilac,27.53471548
Schoolcraft,38.72737444
Shiawassee,24.72276283
Tuscola,24.74717383
Van Buren,35.89507293
Washtenaw,59.44485673
Wayne,50.16134943
Wexford,36.1214794
Aitkin,27.38282873
Anoka,39.38569662
Becker,37.07476228
Beltrami,34.58970793
Benton,38.23655887
Big Stone,49.07214429
Blue Earth,59.48279854
Brown,53.67633831
Carlton,31.57500977
Carver,48.12233781
Cass,30.1943682
Chippewa,49.52256113
Chisago,25.34597656
Clay,28.7037037
Clearwater,31.95666478
Cook,46.45640553
Cottonwood,62.30313527
Crow Wing,38.51196098
Dakota,60.7010846
Dodge,33.11860163
Douglas,47.97149631
Faribault,36.39188992
Fillmore,28.55070329
Freeborn,37.32191601
Goodhue,58.10736733
Grant,55.56787444
Hennepin,97.42398951
Houston,28.19023261
Hubbard,31.49617209
Isanti,27.41629537
Itasca,46.15100664
Jackson,67.84699343
Kanabec,23.61276622
Kandiyohi,59.69624796
Kittson,67.46743205
Koochiching,38.91907328
Lac qui Parle,53.28646459
Lake,63.98868992
Lake of the Woods,49.60208724
Le Sueur,31.81460753
Lincoln,62.4114326
Lyon,53.89485205
McLeod,49.7518073
Mahnomen,33.15281062
Marshall,39.86923159
Martin,51.83213635
Meeker,34.70352128
Mille Lacs,29.38367816
Morrison,35.50235237
Mower,47.27156096
Murray,73.79864308
Nicollet,42.93543671
Nobles,58.73353569
Norman,41.93934249
Olmsted,68.68098211
Otter Tail,38.9117607
Pennington,83.43660481
Pine,22.36025519
Pipestone,81.54563383
Polk,44.28712871
Pope,50.66516449
Ramsey,71.15919923
Red Lake,57.54058116
Redwood,54.12372148
Renville,50.00595523
Rice,34.60167353
Rock,75.32390171
Roseau,80.85565378
St. Louis,53.2099707
Scott,38.15894314
Sherburne,33.17478662
Sibley,30.11595652
Stearns,49.93824222
Steele,59.27197997
Stevens,66.1271534
Swift,54.10189853
Todd,33.39157509
Traverse,79.21908235
Wabasha,30.34363594
Wadena,35.50309699
Waseca,44.23789113
Washington,37.6707017
Watonwan,38.04824203
Wilkin,52.93369635
Winona,49.4574357
Wright,29.36545304
Yellow Medicine,63.33789162
Adams,28.43132328
Alcorn,31.39820701
Amite,16.10472946
Attala,24.47031864
Benton,38.57236443
Bolivar,30.91505705
Calhoun,19.98219235
Carroll,12.11229839
Chickasaw,26.68625731
Choctaw,85.05517241
Claiborne,64.33708113
Clarke,17.50003208
Clay,28.66249227
Coahoma,26.81238664
Copiah,21.65950704
Covington,28.78124834
DeSoto,27.52095838
Forrest,48.2506541
Franklin,21.88012374
George,16.53832435
Greene,11.05937411
Grenada,36.38338734
Hancock,32.96611532
Harrison,38.31710651
Hinds,47.55529972
Holmes,14.93310021
Humphreys,19.06359012
Issaquena,14.04437643
Itawamba,20.73739397
Jackson,52.56033453
Jasper,34.24876712
Jefferson,16.7955731
Jefferson Davis,16.19723584
Jones,37.52843275
Kemper,38.53046337
Lafayette,34.9134698
Lamar,24.41909734
Lauderdale,36.74191233
Lawrence,25.1033901
Leake,22.46614892
Lee,50.40705474
Leflore,37.92899077
Lincoln,28.83604209
Lowndes,47.03041184
Madison,55.8268874
Marion,27.74907078
Marshall,15.99494864
Monroe,22.88067974
Montgomery,18.12607565
Neshoba,31.98586669
Newton,21.06087567
Noxubee,21.0535545
Oktibbeha,31.46145099
Panola,30.11324511
Pearl River,17.60271496
Perry,21.17754657
Pike,27.16084307
Pontotoc,26.5267087
Prentiss,20.81652583
Quitman,13.93465627
Rankin,40.15773744
Scott,37.74038631
Sharkey,19.96434286
Simpson,22.64183853
Smith,28.34942916
Stone,18.19753292
Sunflower,23.06977986
Tallahatchie,16.08738629
Tate,16.42787597
Tippah,21.92281864
Tishomingo,22.8040551
Tunica,87.88742189
Union,33.26346322
Walthall,16.88639512
Warren,44.35601935
Washington,32.40369926
Wayne,33.14943831
Webster,15.69299142
Wilkinson,17.06764605
Winston,27.01679146
Yalobusha,22.68513874
Yazoo,22.57890214
Adair,30.12419532
Andrew,16.80930812
Atchison,54.76403627
Audrain,36.83168784
Barry,36.70707325
Barton,30.48346056
Bates,24.62315996
Benton,18.18080531
Bollinger,15.41701534
Boone,45.46061398
Buchanan,48.67389948
Butler,32.30953108
Caldwell,25.14827472
Callaway,35.97441829
Camden,28.73332172
Cape Girardeau,46.34269691
Carroll,33.88230575
Carter,19.57208614
Cass,24.22987716
Cedar,18.69128466
Chariton,29.68459166
Christian,16.05237581
Clark,21.17005708
Clay,40.75332034
Clinton,17.28265231
Cole,55.24217935
Cooper,26.16730966
Crawford,23.99161382
Dade,23.07866208
Dallas,15.69491121
Daviess,21.90916727
DeKalb,25.04362765
Dent,19.51694861
Douglas,44.86009432
Dunklin,24.94456883
Franklin,38.59648463
Gasconade,27.31900545
Gentry,35.07365868
Greene,51.61649041
Grundy,45.56761905
Harrison,32.83095068
Henry,31.43539068
Hickory,13.48054557
Holt,39.17860381
Howard,22.50253504
Howell,27.95000748
Iron,41.68214391
Jackson,60.10788774
Jasper,43.93461459
Jefferson,21.19581569
Johnson,29.26508271
Knox,29.83379571
Laclede,29.18016069
Lafayette,22.94468687
Lawrence,21.47579971
Lewis,23.10265271
Lincoln,17.90847552
Linn,33.46872664
Livingston,37.61049997
McDonald,24.24778992
Macon,34.97698952
Madison,21.8859534
Maries,15.93067275
Marion,36.93055361
Mercer,30.29123001
Miller,35.07987359
Mississippi,27.4593848
Moniteau,26.26176943
Monroe,31.41848078
Montgomery,27.48441852
Morgan,22.19932399
New Madrid,64.66344372
Newton,29.57930121
Nodaway,32.86153985
Oregon,19.69246069
Osage,29.42748315
Ozark,16.40882029
Pemiscot,26.05880906
Perry,44.87719207
Pettis,36.28149667
Phelps,33.56182802
Pike,25.99897308
Platte,58.04851894
Polk,21.46743652
Pulaski,38.89247457
Putnam,26.69903117
Ralls,35.72014852
Randolph,46.72622513
Ray,18.008455
Reynolds,35.3591213
Ripley,15.2490313
St. Charles,37.09722153
St. Clair,15.98594099
Ste. Genevieve,34.63355149
St. Francois,30.52618487
St. Louis,71.98428889
Saline,41.2058104
Schuyler,15.82520679
Scotland,26.25516403
Scott,36.37562596
Shannon,14.77054585
Shelby,28.56394864
Stoddard,38.10600055
Stone,18.31898047
Sullivan,41.33595379
Taney,38.28789102
Texas,16.8337646
Vernon,43.06007222
Warren,27.58154519
Washington,14.19492239
Wayne,16.50312214
Webster,16.98491539
Worth,34.77541955
Wright,20.29202177
St. Louis City,93.80068816
Beaverhead,41.87494688
Big Horn,72.02558923
Blaine,29.11145557
Broadwater,19.42934783
Carbon,23.50322701
Carter,64.68617886
Cascade,46.30694839
Chouteau,36.58397213
Custer,38.89199448
Daniels,49.8340081
Dawson,48.02039171
Deer Lodge,28.25994085
Fallon,73.38461538
Fergus,37.62903661
Flathead,36.53286217
Gallatin,46.36783009
Garfield,44.1026253
Glacier,31.1655337
Golden Valley,31.986618
Granite,25.96499555
Hill,45.28546078
Jefferson,21.2491318
Judith Basin,88.75899281
Lake,23.5216413
Lewis and Clark,44.93181487
Liberty,72.05380795
Lincoln,24.84871445
McCone,59.40023966
Madison,44.86283705
Meagher,43.04361874
Mineral,19.974228
Missoula,42.18163351
Musselshell,63.96632124
Park,30.79841422
Petroleum,43.95703125
Phillips,32.53448276
Pondera,28.95838926
Powder River,57.7
Powell,27.42269524
Prairie,34.0588785
Ravalli,22.51948293
Richland,90.75780746
Roosevelt,38.82193513
Rosebud,86.41946903
Sanders,25.04811345
Sheridan,69.21086828
Silver Bow,39.68582861
Stillwater,65.50184541
Sweet Grass,65.95976235
Teton,41.34543077
Toole,58.96215098
Treasure,151.4680535
Valley,39.26330003
Wheatland,44.70512821
Wibaux,73.82038835
Yellowstone,55.46064151
Adams,53.87989465
Antelope,63.0895688
Arthur,63.46753247
Banner,94.40551724
Blaine,49.17916667
Boone,86.12383133
Box Butte,53.68275412
Boyd,85.20205128
Brown,78.22076171
Buffalo,52.44093451
Burt,61.94279988
Butler,35.1869949
Cass,33.9402039
Cedar,65.24523838
Chase,60.54635509
Cherry,55.1849731
Cheyenne,61.62788192
Clay,45.05369236
Colfax,62.94671138
Cuming,98.66211528
Custer,58.44293629
Dakota,66.01639836
Dawes,33.57851809
Dawson,59.44360681
Deuel,42.14827018
Dixon,50.46631579
Dodge,51.35744044
Douglas,72.47823323
Dundy,72.03968254
Fillmore,60.4068654
Franklin,24.63823432
Frontier,56.27615385
Furnas,55.35630717
Gage,49.30793208
Garden,33.02169312
Garfield,56.63981763
Gosper,53.32214429
Grant,55.22070015
Greeley,38.5388535
Hall,53.43494436
Hamilton,55.78855292
Harlan,58.35174247
Hayes,44.99454744
Hitchcock,50.62513388
Holt,67.45210879
Hooker,79.0295858
Howard,27.72587889
Jefferson,130.9111017
Johnson,47.37751711
Kearney,60.30891574
Keith,45.09796326
Keya Paha,93.14640199
Kimball,49.7901062
Knox,55.3969066
Lancaster,52.31048852
Lincoln,62.16268351
Logan,46.85430464
Loup,59.00648298
McPherson,71.19795918
Madison,66.55559976
Merrick,47.9732316
Morrill,114.012837
Nance,40.92726754
Nemaha,101.0362225
Nuckolls,66.52293796
Otoe,87.97591191
Pawnee,68.88448342
Perkins,80.86836664
Phelps,99.48723074
Pierce,49.1196641
Platte,76.93099408
Polk,56.78282443
Red Willow,48.75899113
Richardson,40.44142101
Rock,55.83271651
Saline,61.03097098
Sarpy,37.27121296
Saunders,33.36927705
Scotts Bluff,41.75306889
Seward,39.57720141
Sheridan,46.02351127
Sherman,42.17641261
Sioux,56.77908938
Stanton,60.19145729
Thayer,90.93153403
Thomas,76.61904762
Thurston,73.3868573
Valley,52.49654515
Washington,52.6026095
Wayne,50.39772483
Webster,75.54951896
Wheeler,250.5623441
York,56.62038115
Churchill,42.37292908
Clark,48.34563668
Douglas,48.55311514
Elko,50.38301072
Esmeralda,107.3240629
Eureka,801.8068068
Humboldt,71.70693766
Lander,163.3086353
Lincoln,34.77811724
Lyon,25.59591851
Mineral,50.26892606
Nye,35.6178905
Pershing,54.41810022
Storey,373.1155489
Washoe,49.48043303
White Pine,73.90775681
Carson City,58.69633347
Belknap,43.72298634
Carroll,41.62796899
Cheshire,44.48081053
Coos,36.42434733
Grafton,66.84899834
Hillsborough,61.53640595
Merrimack,58.96898772
Rockingham,61.43262609
Strafford,44.4153871
Sullivan,35.21633344
Atlantic,48.72725
Bergen,70.91311899
Burlington,56.75798042
Camden,46.95031134
Cape May,52.49153019
Cumberland,40.1757958
Essex,65.50605833
Gloucester,49.23437441
Hudson,66.51040062
Hunterdon,54.57476744
Mercer,77.29610688
Middlesex,70.59017493
Monmouth,51.50172372
Morris,106.6073194
Ocean,31.36098743
Passaic,42.0654414
Salem,79.6933191
Somerset,113.1006751
Sussex,31.80667041
Union,65.46878696
Warren,39.64059776
Bernalillo,49.92748446
Catron,21.18992684
Chaves,31.03609381
Cibola,22.95542853
Colfax,34.0849971
Curry,61.2972962
De Baca,28.36818437
Dona Ana,31.09963273
Eddy,142.6548355
Grant,42.88371241
Guadalupe,28.76557453
Harding,170.3
Hidalgo,45.65658237
Lea,112.0399321
Lincoln,30.25499539
Los Alamos,112.0783126
Luna,31.59375131
McKinley,33.68059129
Mora,17.08045465
Otero,37.89960845
Quay,32.13006552
Rio Arriba,34.42841401
Roosevelt,34.3021483
Sandoval,20.61782544
San Juan,46.31152439
San Miguel,21.43031295
Santa Fe,38.89761019
Sierra,25.88921363
Socorro,28.5519636
Taos,26.76828038
Torrance,21.41638731
Union,52.1338851
Valencia,16.53419828
Albany,90.57087594
Allegany,28.38034188
Bronx,29.81357837
Broome,46.79883809
Cattaraugus,34.65990668
Cayuga,31.83398815
Chautauqua,37.62168162
Chemung,43.19592542
Chenango,41.60274001
Clinton,44.05115334
Columbia,37.3798779
Cortland,37.30950086
Delaware,39.04610789
Dutchess,42.74627048
Erie,56.09924357
Essex,38.31978116
Franklin,33.73481971
Fulton,31.46256969
Genesee,37.85474977
Greene,43.42044279
Hamilton,56.52436823
Herkimer,28.52813832
Jefferson,52.83124452
Kings,35.51467336
Lewis,34.9700219
Livingston,31.97835888
Madison,29.44378981
Monroe,59.03840945
Montgomery,36.36751427
Nassau,59.81139552
New York,368.4616462
Niagara,41.56149672
Oneida,44.1513592
Onondaga,62.04713971
Ontario,49.99287394
Orange,40.36690777
Orleans,30.59894232
Oswego,50.99397524
Otsego,37.94089617
Putnam,30.92871455
Queens,41.02251028
Rensselaer,38.36993904
Richmond,30.47589342
Rockland,56.80540486
St. Lawrence,39.92591875
Saratoga,44.22191424
Schenectady,47.61540247
Schoharie,29.69925512
Schuyler,30.26174234
Seneca,36.49425086
Steuben,53.48449823
Suffolk,54.84214866
Sullivan,34.74576586
Tioga,38.41146962
Tompkins,52.85095539
Ulster,34.95769485
Warren,57.22351476
Washington,27.39429448
Wayne,37.35143016
Westchester,75.81456147
Wyoming,37.61429678
Yates,33.45252695
Alamance,32.21635418
Alexander,22.56625861
Alleghany,39.12901778
Anson,30.33939518
Ashe,26.69548692
Avery,32.01922638
Beaufort,30.98775927
Bertie,30.14011305
Bladen,45.10047962
Brunswick,26.65273963
Buncombe,45.49037063
Burke,28.57209225
Cabarrus,30.24319343
Caldwell,28.61888913
Camden,14.0591982
Carteret,30.08139635
Caswell,18.76557392
Catawba,52.05979066
Chatham,18.93180357
Cherokee,24.61182981
Chowan,34.17639531
Clay,17.32218626
Cleveland,36.85056245
Columbus,23.6698436
Craven,42.60987121
Cumberland,48.79390577
Currituck,23.40479716
Dare,48.83858278
Davidson,28.15116195
Davie,27.42696708
Duplin,35.98767609
Durham,113.3256146
Edgecombe,28.7450177
Forsyth,57.06863107
Franklin,18.91745656
Gaston,30.56502718
Gates,12.81319727
Graham,27.75582082
Granville,34.98936294
Greene,23.43816924
Guilford,58.93237791
Halifax,27.57378441
Harnett,16.1385109
Haywood,25.35726289
Henderson,36.35951073
Hertford,32.68242734
Hoke,15.77535424
Hyde,51.00218862
Iredell,41.46367449
Jackson,29.53456422
Johnston,22.55204448
Jones,17.88942058
Lee,52.4560515
Lenoir,46.0384533
Lincoln,25.17084859
McDowell,28.72818652
Macon,28.61138516
Madison,17.11663974
Martin,27.11403354
Mecklenburg,89.26812343
Mitchell,30.75566818
Montgomery,32.15167855
Moore,32.29529882
Nash,79.81418581
New Hanover,52.94439756
Northampton,24.78845568
Onslow,41.41757611
Orange,51.86611704
Pamlico,21.71186575
Pasquotank,35.73241038
Pender,18.41345115
Perquimans,17.63694791
Person,33.03448626
Pitt,43.31494362
Polk,22.19285853
Randolph,27.64549142
Richmond,41.11065318
Robeson,23.38276061
Rockingham,32.63611684
Rowan,34.2206295
Rutherford,24.61445152
Sampson,32.41747573
Scotland,28.27697045
Stanly,28.14105822
Stokes,21.71200369
Surry,34.0082547
Swain,37.50986034
Transylvania,28.18511691
Tyrrell,25.59489672
Union,26.33359623
Vance,26.94802285
Wake,64.41743725
Warren,16.31454665
Washington,21.572606
Watauga,34.34093586
Wayne,38.25312203
Wilkes,30.67765413
Wilson,47.80015235
Yadkin,28.11178997
Yancey,23.06881889
Adams,71.93497364
Barnes,62.66182198
Benson,30.63897672
Billings,134.3627451
Bottineau,56
Bowman,80.30616237
Burke,65.57020057
Burleigh,54.70680969
Cass,62.1125495
Cavalier,117.745736
Dickey,59.22226729
Divide,85.07597173
Dunn,224.9725046
Eddy,50.14724989
Emmons,52.50213545
Foster,84.96351731
Golden Valley,43.704481
Grand Forks,53.1648639
Grant,34.94010195
Griggs,63.48563734
Hettinger,46.18337994
Kidder,55.29351814
LaMoure,68.94134969
Logan,101.8892422
McHenry,48.01291322
McIntosh,72.3222915
McKenzie,217.4733706
McLean,79.03263721
Mercer,115.8939027
Morton,47.56520059
Mountrail,148.2782498
Nelson,54.04991334
Oliver,131.6915167
Pembina,52.19303843
Pierce,64.53562654
Ramsey,44.57141623
Ransom,47.80723583
Renville,62.20949958
Richland,58.58210611
Rolette,26.10620949
Sargent,222.0166191
Sheridan,30.26453055
Sioux,29.63490976
Slope,75.32720105
Stark,81.69281067
Steele,97.02536998
Stutsman,64.06376048
Towner,57.24073227
Traill,49.54613466
Walsh,45.83804603
Ward,55.1330616
Wells,68.72645855
Williams,153.2599171
Adams,30.16064852
Allen,73.58413239
Ashland,30.29484601
Ashtabula,28.5000871
Athens,28.98502724
Auglaize,48.85978223
Belmont,91.11692062
Brown,18.02949277
Butler,48.04367016
Carroll,116.5824164
Champaign,27.29416011
Clark,32.81161543
Clermont,37.07861292
Clinton,45.94097659
Columbiana,28.99175393
Coshocton,36.39649142
Crawford,29.77533507
Cuyahoga,71.44753157
Darke,35.88799002
Defiance,44.89863215
Delaware,48.04225441
Erie,67.05554735
Fairfield,24.33138439
Fayette,80.67081981
Franklin,66.14455861
Fulton,46.94130172
Gallia,72.09130072
Geauga,39.73726116
Greene,52.53424388
Guernsey,66.82825357
Hamilton,82.13622868
Hancock,69.05875922
Hardin,30.31090458
Harrison,131.6158106
Henry,42.18002289
Highland,23.83039115
Hocking,20.67602356
Holmes,50.36068672
Huron,37.07185937
Jackson,27.78499042
Jefferson,58.32895977
Knox,30.58371567
Lake,45.55583176
Lawrence,27.21481754
Licking,31.74959867
Logan,42.38740845
Lorain,32.4466627
Lucas,57.55611575
Madison,38.05994728
Mahoning,37.7819873
Marion,41.09905696
Medina,35.55076043
Meigs,15.79448491
Mercer,52.68875757
Miami,38.25468211
Monroe,242.8930877
Montgomery,48.62045711
Morgan,20.97873946
Morrow,15.97357104
Muskingum,42.38576122
Noble,85.20338747
Ottawa,44.8023253
Paulding,31.11396863
Perry,19.86750465
Pickaway,29.33114658
Pike,61.64367034
Portage,33.49962462
Preble,27.55824047
Putnam,38.11818827
Richland,36.32825841
Ross,33.6250065
Sandusky,45.04525026
Scioto,38.15500795
Seneca,30.63838461
Shelby,60.59215993
Stark,41.39571122
Summit,50.74245086
Trumbull,36.89224283
Tuscarawas,37.22487212
Union,64.02694611
Van Wert,45.3105157
Vinton,21.67280335
Warren,42.25342215
Washington,54.20541997
Wayne,43.74420934
Williams,43.65257628
Wood,48.16814499
Wyandot,45.69280956
Adair,18.35992621
Alfalfa,51.81439722
Atoka,21.42725625
Beaver,74.19612636
Beckham,59.43043278
Blaine,40.99661519
Bryan,29.33101651
Caddo,28.59731983
Canadian,28.93821057
Carter,57.55584593
Cherokee,22.41358241
Choctaw,27.33052116
Cimarron,105.2004619
Cleveland,25.38350654
Coal,20.50326087
Comanche,36.91470862
Cotton,26.51701031
Craig,30.56244755
Creek,24.70496306
Custer,55.48515261
Delaware,18.26264773
Dewey,58.27783411
Ellis,78.76618431
Garfield,55.51539406
Garvin,51.98850285
Grady,23.91034843
Grant,95.05207128
Greer,17.37942896
Harmon,26.11519881
Harper,78.55004025
Haskell,26.44199114
Hughes,25.31078542
Jackson,46.86284561
Jefferson,21.38191942
Johnston,32.38811252
Kay,38.79437466
Kingfisher,59.93037815
Kiowa,23.94869446
Latimer,36.37660934
Le Flore,27.17754976
Lincoln,18.89591526
Logan,13.00632831
Love,39.07178023
McClain,23.98260085
McCurtain,26.7337944
McIntosh,15.88467967
Major,59.11315065
Marshall,29.81628505
Mayes,34.91157486
Murray,35.66580756
Muskogee,42.62546104
Noble,54.19345687
Nowata,17.12512162
Okfuskee,16.75672544
Oklahoma,81.96764328
Okmulgee,20.97533989
Osage,17.81649371
Ottawa,28.41070915
Pawnee,21.13444607
Payne,37.52509371
Pittsburg,38.53423752
Pontotoc,52.59772157
Pottawatomie,25.71480976
Pushmataha,18.3948356
Roger Mills,37.42018651
Rogers,27.77542728
Seminole,29.01896411
Sequoyah,15.40752675
Stephens,34.37599296
Texas,71.95066127
Tillman,41.48149665
Tulsa,71.2671631
Wagoner,12.71785879
Washington,153.239559
Washita,22.58227619
Woods,80.66546722
Woodward,62.58571288
Baker,36.23219409
Benton,50.90112719
Clackamas,47.13513201
Clatsop,43.82067941
Columbia,23.09790411
Coos,32.53587877
Crook,29.28906611
Curry,27.40425532
Deschutes,42.70662567
Douglas,30.72225148
Gilliam,158.60486
Grant,37.64091858
Harney,37.73820625
Hood River,49.13237633
Jackson,37.462274
Jefferson,28.59171843
Josephine,29.31471027
Klamath,33.01403519
Lake,36.53299298
Lane,39.8028604
Lincoln,35.70979603
Linn,34.66569897
Malheur,38.7416293
Marion,41.56315067
Morrow,95.49727113
Multnomah,73.81563075
Polk,21.17939335
Sherman,343.4776471
Tillamook,35.57345563
Umatilla,43.75602227
Union,35.5510655
Wallowa,51.31496175
Wasco,46.78930841
Washington,79.64716604
Wheeler,47.45595855
Yamhill,31.86872808
Adams,33.84124119
Allegheny,71.30605916
Armstrong,35.88225303
Beaver,43.31942132
Bedford,31.31045453
Berks,43.8576531
Blair,43.70741941
Bradford,84.04286607
Bucks,48.69497557
Butler,53.61587738
Cambria,34.61938851
Cameron,54.14441235
Carbon,34.30275029
Centre,48.76457094
Chester,80.34683366
Clarion,31.11393256
Clearfield,32.92062535
Clinton,38.04661981
Columbia,35.40168673
Crawford,34.81881095
Cumberland,55.1660926
Dauphin,76.46136731
Delaware,54.19981034
Elk,48.80059781
Erie,41.24780514
Fayette,30.75707281
Forest,37.6673531
Franklin,36.12140071
Fulton,45.71263339
Greene,121.4419956
Huntingdon,27.77777288
Indiana,45.80110373
Jefferson,35.97649837
Juniata,30.58249049
Lackawanna,42.99019827
Lancaster,48.61009727
Lawrence,33.04720881
Lebanon,40.03995359
Lehigh,58.84044641
Luzerne,46.8018052
Lycoming,57.35029772
McKean,45.54842491
Mercer,37.12484724
Mifflin,34.51507217
Monroe,33.51199688
Montgomery,84.55220915
Montour,94.51337719
Northampton,40.90236863
Northumberland,32.0602657
Perry,19.08495472
Philadelphia,69.92641792
Pike,22.47992112
Potter,44.80364555
Schuylkill,33.92246941
Snyder,38.28140579
Somerset,35.22119342
Sullivan,92.49489796
Susquehanna,127.044428
Tioga,53.0595478
Union,39.18093165
Venango,34.07431495
Warren,40.23726328
Washington,72.57985779
Wayne,29.70508804
Westmoreland,37.33283779
Wyoming,81.2687267
York,41.70075495
Bristol,31.79260645
Kent,49.29186909
Newport,64.55586514
Providence,50.88358011
Washington,49.58741286
Abbeville,21.63924025
Aiken,35.46307148
Allendale,37.3396459
Anderson,31.34879077
Bamberg,21.6170824
Barnwell,29.64220444
Beaufort,34.76272793
Berkeley,31.80520567
Calhoun,50.27027398
Charleston,67.89537494
Cherokee,33.75324607
Chester,32.33515973
Chesterfield,31.36089013
Clarendon,16.33753186
Colleton,24.16044697
Darlington,34.04760407
Dillon,24.83646936
Dorchester,19.22711831
Edgefield,19.87597671
Fairfield,54.64256346
Florence,48.7962134
Georgetown,35.2456614
Greenville,53.33850542
Greenwood,37.0198592
Hampton,22.29170974
Horry,32.56472007
Jasper,31.10951384
Kershaw,27.71815446
Lancaster,36.84552007
Laurens,59.3915832
Lee,19.3788019
Lexington,37.13653474
McCormick,20.1703869
Marion,16.95624034
Marlboro,27.27390876
Newberry,35.16208412
Oconee,44.44491552
Orangeburg,35.80593704
Pickens,27.2476103
Richland,56.32539437
Saluda,18.8010982
Spartanburg,42.91588383
Sumter,35.46177485
Union,24.64972186
Williamsburg,23.83630661
York,37.19408873
Aurora,53.98276481
Beadle,51.65944743
Bennett,19.59890585
Bon Homme,35.1
Brookings,55.81982496
Brown,51.73539405
Brule,55.683174
Buffalo,48.96941293
Butte,28.20159953
Campbell,78.17423133
Charles Mix,69.95220234
Clark,48.0907139
Clay,44.08882214
Codington,48.07758713
Corson,29.84179033
Custer,23.3327281
Davison,51.99120501
Day,48.10477574
Deuel,63.8191636
Dewey,33.63443038
Douglas,85.58304853
Edmunds,48.78323849
Fall River,39.65445104
Faulk,39.61727862
Grant,72.42503168
Gregory,51.70064455
Haakon,57.37960042
Hamlin,35.27248764
Hand,57.3904321
Hanson,51.13941736
Harding,70.31789137
Hughes,61.31764972
Hutchinson,68.09307419
Hyde,69.14634146
Jackson,21.53660769
Jerauld,107.9210267
Jones,76.67564655
Kingsbury,51.22695899
Lake,42.07545002
Lawrence,37.82963424
Lincoln,37.42347138
Lyman,72.95899054
McCook,50.81842528
McPherson,31.86838817
Marshall,76.0455192
Meade,24.83307332
Mellette,16.31563422
Miner,61.44827586
Minnehaha,75.13391137
Moody,49.42540757
Oglala Lakota,20.86888563
Pennington,45.98922733
Perkins,48.91850069
Potter,62.35584769
Roberts,31.54895914
Sanborn,70.61185309
Spink,43.41224553
Stanley,71.00696056
Sully,106.7342048
Todd,21.80829673
Tripp,55.08122382
Turner,56.17371171
Union,81.00770713
Walworth,39.73507395
Yankton,54.82740894
Ziebach,22.66800292
Anderson,55.64037123
Bedford,32.74826029
Benton,20.51428044
Bledsoe,14.13391117
Blount,36.61758458
Bradley,41.22312938
Campbell,20.25505717
Cannon,16.4583795
Carroll,24.623521
Carter,18.07210593
Cheatham,23.58594637
Chester,18.84957959
Claiborne,22.61318681
Clay,23.346229
Cocke,28.35763289
Coffee,46.05612327
Crockett,37.07827364
Cumberland,25.3668017
Davidson,92.46419779
Decatur,26.7845115
DeKalb,35.32632991
Dickson,30.39956217
Dyer,38.86871748
Fayette,22.73404675
Fentress,22.75974239
Franklin,24.24511744
Gibson,28.68532265
Giles,33.58123344
Grainger,15.53481437
Greene,31.13475218
Grundy,15.72782439
Hamblen,46.36664655
Hamilton,63.88742578
Hancock,12.93842402
Hardeman,22.27223453
Hardin,34.44654186
Hawkins,33.17851286
Haywood,42.08912204
Henderson,26.53010757
Henry,34.77953365
Hickman,14.85288119
Houston,16.98384746
Humphreys,32.54773328
Jackson,15.09926127
Jefferson,24.77593868
Johnson,21.12867109
Knox,52.7038142
Lake,26.09774538
Lauderdale,25.81463246
Lawrence,24.15274954
Lewis,20.69231406
Lincoln,25.8885314
Loudon,29.41249388
McMinn,36.11761287
McNairy,23.14289586
Macon,21.04804644
Madison,54.36496829
Marion,25.44866774
Marshall,28.38537538
Maury,34.8547198
Meigs,17.92046841
Monroe,25.37997363
Montgomery,24.00583015
Moore,28.9857519
Morgan,12.30941767
Obion,34.16489397
Overton,22.01921334
Perry,21.01503106
Pickett,25.82426281
Polk,16.98711432
Putnam,42.07311366
Rhea,57.49178086
Roane,41.42945661
Robertson,30.04018039
Rutherford,40.99527179
Scott,23.82490467
Sequatchie,16.61540528
Sevier,36.68986159
Shelby,61.55003765
Smith,34.30381901
Stewart,59.1155004
Sullivan,45.26889765
Sumner,31.57221185
Tipton,16.74197739
Trousdale,16.31396719
Unicoi,27.76388733
Union,15.13565951
Van Buren,15.61287524
Warren,30.81577916
Washington,42.50465176
Wayne,17.58118425
Weakley,33.30730554
White,24.01587536
Williamson,89.25451983
Wilson,31.51584914
Anderson,31.42215476
Andrews,297.3334629
Angelina,39.11135814
Aransas,25.92979613
Archer,42.59103448
Armstrong,28.66897286
Atascosa,93.85549064
Austin,42.43697647
Bailey,67.76906629
Bandera,13.92519305
Bastrop,21.72572319
Baylor,45.61768822
Bee,25.8478147
Bell,41.88767772
Bexar,49.22693264
Blanco,25.71866415
Borden,951.8098918
Bosque,32.39459982
Bowie,39.50534754
Brazoria,42.25852903
Brazos,42.19046775
Brewster,40.33703624
Briscoe,63.13822751
Brooks,50.8205381
Brown,33.97281861
Burleson,81.74005999
Burnet,28.19683592
Caldwell,20.70547485
Calhoun,86.55408296
Callahan,19.93037884
Cameron,23.71637778
Camp,33.22852962
Carson,149.8711503
Cass,25.46897628
Castro,57.78637322
Chambers,50.92407701
Cherokee,29.19138619
Childress,28.38660287
Clay,24.06556279
Cochran,141.7407277
Coke,45.29448584
Coleman,26.3407434
Collin,59.66057391
Collingsworth,34.62950374
Colorado,38.93804271
Comal,36.82715116
Comanche,32.91440177
Concho,41.18374953
Cooke,64.28992198
Coryell,20.29255696
Cottle,69.21852388
Crane,239.0719243
Crockett,438.8269846
Crosby,60.03955586
Culberson,729.9927074
Dallam,71.33712173
Dallas,91.80055945
Dawson,64.37389925
Deaf Smith,72.98364598
Delta,17.81620405
Denton,33.01832334
DeWitt,351.9744355
Dickens,63.59422904
Dimmit,579.5435998
Donley,49.12217195
Duval,39.15914596
Eastland,59.83148643
Ector,79.30796493
Edwards,54.40985325
Ellis,29.40341665
El Paso,34.62382458
Erath,38.834332
Falls,23.09720852
Fannin,20.43805599
Fayette,66.31921038
Fisher,70.43705836
Floyd,57.31886564
Foard,40.89084803
Fort Bend,30.99057584
Franklin,41.54008165
Freestone,69.96235282
Frio,97.61159764
Gaines,159.9405379
Galveston,42.11148471
Garza,61.85695979
Gillespie,32.02198337
Glasscock,3914.709561
Goliad,45.8932525
Gonzales,238.7966412
Gray,48.90077548
Grayson,35.06576125
Gregg,64.0938897
Grimes,38.43381287
Guadalupe,56.67347314
Hale,40.34167881
Hall,25.7646281
Hamilton,25.73492981
Hansford,172.7996344
Hardeman,49.14812929
Hardin,23.11497715
Harris,77.21154134
Harrison,67.72598522
Hartley,161.5688826
Haskell,52.4309528
Hays,28.24874049
Hemphill,272.3443433
Henderson,20.47185852
Hidalgo,24.37412124
Hill,25.50836444
Hockley,99.74023769
Hood,36.23557173
Hopkins,36.51382764
Houston,38.29105254
Howard,188.1105915
Hudspeth,31.30284043
Hunt,36.79642051
Hutchinson,378.7615417
Irion,1132.818602
Jack,76.54334278
Jackson,47.44910341
Jasper,27.54429814
Jeff Davis,32.44226482
Jefferson,93.7045302
Jim Hogg,43.02580894
Jim Wells,44.46452056
Johnson,36.03402855
Jones,24.9537904
Karnes,847.6262452
Kaufman,35.65100289
Kendall,39.96364274
Kenedy,698.8672769
Kent,592.0743802
Kerr,32.06618334
Kimble,30.77109267
King,755.2608696
Kinney,30.73049837
Kleberg,37.82745264
Knox,50.13271436
Lamar,43.07136681
Lamb,57.65557506
Lampasas,20.30391786
La Salle,1039.515948
Lavaca,72.97161181
Lee,53.87436392
Leon,58.65173812
Liberty,22.12997366
Limestone,63.88052093
Lipscomb,220.0831837
Live Oak,165.1803589
Llano,29.5587037
Loving,64575.91216
Lubbock,40.71028551
Lynn,41.47588919
McCulloch,46.48559258
McLennan,48.57592173
McMullen,5103.800274
Madison,49.30383625
Marion,27.76036309
Martin,1724.7812
Mason,28.7957267
Matagorda,55.97218728
Maverick,25.52283959
Medina,17.16373717
Menard,31.04669811
Midland,155.2766818
Milam,25.25785586
Mills,37.61826746
Mitchell,59.14404692
Montague,50.99632353
Montgomery,37.92975058
Moore,79.78736423
Morris,55.7947655
Motley,33.68506494
Nacogdoches,39.85167508
Navarro,30.19095203
Newton,36.99083703
Nolan,64.4803703
Nueces,52.80569075
Ochiltree,152.9759781
Oldham,170.983475
Orange,38.28987469
Palo Pinto,34.79923114
Panola,117.8787054
Parker,27.95729702
Parmer,151.2235827
Pecos,208.0118403
Polk,24.2748874
Potter,65.58333263
Presidio,33.93275963
Rains,15.09253314
Randall,26.08439027
Reagan,1599.96333
Real,21.67040552
Red River,20.03574076
Reeves,816.5120866
Refugio,73.75428571
Roberts,1130.987751
Robertson,120.9635287
Rockwall,29.85794562
Runnels,29.84653174
Rusk,51.98362829
Sabine,25.25794251
San Augustine,123.4764962
San Jacinto,11.8921893
San Patricio,34.18298811
San Saba,29.13316832
Schleicher,57.68402778
Scurry,147.1818939
Shackelford,88.97297297
Shelby,60.86525467
Sherman,101.5617543
Smith,44.30688273
Somervell,130.2641196
Starr,22.02221046
Stephens,57.91483254
Sterling,243.6595092
Stonewall,222.4215976
Sutton,130.4765458
Swisher,69.52394442
Tarrant,52.26472222
Taylor,44.24049121
Terrell,199.954321
Terry,64.48720026
Throckmorton,104.3238032
Titus,49.69504932
Tom Green,44.78876235
Travis,82.21444971
Trinity,15.89665033
Tyler,20.11138877
Upshur,20.52461206
Upton,2026.278526
Uvalde,30.1632135
Val Verde,33.45711195
Van Zandt,18.99519351
Victoria,51.41469122
Walker,27.50809451
Waller,32.97736956
Ward,392.3951661
Washington,59.16122943
Webb,45.10102137
Wharton,44.02166317
Wheeler,212.2088019
Wichita,41.36518546
Wilbarger,58.94607498
Willacy,40.60191142
Williamson,40.36491527
Wilson,20.84337397
Winkler,234.5404988
Wise,55.05289673
Wood,36.40049162
Yoakum,394.1778813
Young,48.18241966
Zapata,57.97045728
Zavala,79.00217228
Beaver,57.83350943
Box Elder,42.88465741
Cache,37.83872627
Carbon,49.42494934
Daggett,112.8008214
Davis,38.63781362
Duchesne,60.9561751
Emery,84.90622813
Garfield,42.09996002
Grand,54.07526327
Iron,28.52481112
Juab,40.64794909
Kane,36.51491468
Millard,59.58342958
Morgan,23.08539645
Piute,35.74269819
Rich,50.70399023
Salt Lake,70.22471211
San Juan,33.29079307
Sanpete,27.79464315
Sevier,42.12485463
Summit,70.98235856
Tooele,24.98732658
Uintah,65.00926423
Utah,38.92434998
Wasatch,24.02779206
Washington,31.16970047
Wayne,35.70198428
Weber,38.04467006
Addison,41.21812708
Bennington,42.88240428
Caledonia,33.87240376
Chittenden,63.98320607
Essex,21.88129612
Franklin,35.20079987
Grand Isle,21.91729958
Lamoille,43.52037952
Orange,26.10371088
Orleans,36.04292788
Rutland,42.14999317
Washington,58.59369135
Windham,51.04367304
Windsor,42.11147743
Accomack,85.76498573
Albemarle,0
Alleghany,0
Amelia,27.73631003
Amherst,24.71133695
Appomattox,18.07153202
Arlington,133.519267
Augusta,0
Bath,52.02351281
Bedford,23.63942344
Bland,37.69094082
Botetourt,38.23075078
Brunswick,48.25783546
Buchanan,47.65487388
Buckingham,32.27583172
Campbell,0
Caroline,19.56967253
Carroll,0
Charles City,26.03314286
Charlotte,22.49631614
Chesterfield,43.87833962
Clarke,32.48073875
Craig,18.8996472
Culpeper,31.72682691
Cumberland,19.28051131
Dickenson,33.73585295
Dinwiddie,0
Essex,32.0818649
Fairfax,0
Fauquier,37.49808896
Floyd,24.52444585
Fluvanna,28.49003643
Franklin,23.49239202
Frederick,0
Giles,27.14792547
Gloucester,22.47315283
Goochland,84.09238124
Grayson,18.07137832
Greene,23.6148182
Greensville,0
Halifax,36.97621486
Hanover,50.01833729
Henrico,76.34108628
Henry,0
Highland,46.78623188
Isle of Wight,43.50292113
James City,0
King and Queen,18.96536551
King George,65.185856
King William,25.85336013
Lancaster,38.11200449
Lee,19.18823977
Loudoun,60.45053043
Louisa,56.47993693
Lunenburg,20.30798199
Madison,26.55230978
Mathews,20.62534122
Mecklenburg,35.91033177
Middlesex,30.85912606
Montgomery,0
Nelson,37.05147356
New Kent,18.76506699
Northampton,39.71337471
Northumberland,39.7256739
Nottoway,31.09175325
Orange,25.41726324
Page,25.9045136
Patrick,24.13004586
Pittsylvania,0
Powhatan,23.11294077
Prince Edward,31.17117786
Prince George,0
Prince William,0
Pulaski,35.31512038
Rappahannock,33.79809394
Richmond,29.1671126
Roanoke,0
Rockbridge,0
Rockingham,0
Russell,26.20574734
Scott,21.0070598
Shenandoah,43.98334598
Smyth,35.02791095
Southampton,0
Spotsylvania,0
Stafford,32.35175272
Surry,167.0295528
Sussex,30.03460546
Tazewell,40.88170393
Warren,44.7686597
Washington,0
Westmoreland,20.32261323
Wise,0
Wythe,59.24409367
York,0
Alexandria City,88.30585469
Bristol City,0
Buena Vista City,0
Charlottesville City,0
Chesapeake City,39.90615162
Colonial Heights City,0
Covington City,0
Danville City,0
Emporia City,0
Fairfax City,0
Falls Church City,0
Franklin City,0
Fredericksburg City,0
Galax City,0
Hampton City,48.57934192
Harrisonburg City,0
Hopewell City,0
Lexington City,0
Lynchburg City,0
Manassas City,0
Manassas Park City,0
Martinsville City,0
Newport News City,67.51662251
Norfolk City,84.68594536
Norton City,0
Petersburg City,0
Poquoson City,0
Portsmouth City,60.36584697
Radford City,0
Richmond City,82.24285733
Roanoke City,67.00094941
Salem City,0
Staunton City,0
Suffolk City,48.47483375
Virginia Beach City,44.63993696
Waynesboro City,0
Williamsburg City,0
Winchester City,0
Adams,46.90996149
Asotin,30.1987531
Benton,51.55911986
Chelan,54.43245779
Clallam,31.03308905
Clark,38.14954084
Columbia,107.397128
Cowlitz,41.48419339
Douglas,42.1016398
Ferry,25.3110762
Franklin,37.84119656
Garfield,64.92410714
Grant,56.60674239
Grays Harbor,33.38896492
Island,33.00588885
Jefferson,30.15444465
King,124.3612614
Kitsap,42.75525112
Kittitas,34.53878964
Klickitat,52.34925009
Lewis,42.77172014
Lincoln,44.93315309
Mason,22.91001835
Okanogan,33.43082366
Pacific,31.62521519
Pend Oreille,44.54092448
Pierce,44.32528453
San Juan,38.95830413
Skagit,58.43029687
Skamania,23.13340045
Snohomish,47.97930777
Spokane,45.70798457
Stevens,24.55976915
Thurston,43.34206589
Wahkiakum,23.70033975
Walla Walla,50.62733647
Whatcom,60.01739366
Whitman,51.31719099
Yakima,39.44432117
Barbour,23.58130648
Berkeley,26.39011055
Boone,30.21126953
Braxton,19.92540494
Brooke,38.86836278
Cabell,47.1710969
Calhoun,16.31508937
Clay,12.57715013
Doddridge,159.0129734
Fayette,23.18189009
Gilmer,22.9504938
Grant,35.84797936
Greenbrier,29.99715452
Hampshire,13.46196001
Hancock,44.90628976
Hardy,27.13324615
Harrison,64.79510771
Jackson,47.41529883
Jefferson,24.72659518
Kanawha,53.85134416
Lewis,41.51139414
Lincoln,10.86605451
Logan,39.15210525
McDowell,30.87936996
Marion,38.36941755
Marshall,91.70065864
Mason,29.86120664
Mercer,26.16237627
Mineral,27.65506623
Mingo,29.30682152
Monongalia,59.1009361
Monroe,15.30197908
Morgan,14.09040942
Nicholas,23.77877995
Ohio,73.00256564
Pendleton,18.45990836
Pleasants,57.84277149
Pocahontas,28.36429591
Preston,18.67341221
Putnam,48.33054977
Raleigh,38.06956803
Randolph,27.1718609
Ritchie,69.57232253
Roane,19.93231786
Summers,15.53322285
Taylor,28.83913715
Tucker,38.1477584
Tyler,76.23558352
Upshur,27.58641064
Wayne,23.15284903
Webster,18.68963017
Wetzel,62.17091553
Wirt,10.00567888
Wood,39.7966144
Wyoming,28.27444188
Adams,22.06361536
Ashland,43.58446141
Barron,44.14533776
Bayfield,26.55357381
Brown,64.08404233
Buffalo,42.32941894
Burnett,31.06732145
Calumet,31.13779622
Chippewa,39.92400443
Clark,38.55110215
Columbia,48.58085221
Crawford,42.69917
Dane,75.90699661
Dodge,37.34006581
Door,42.63463699
Douglas,42.2729991
Dunn,38.36905369
Eau Claire,56.73189593
Florence,28.77433628
Fond du Lac,46.40299609
Forest,32.24518213
Grant,39.77849701
Green,41.08257502
Green Lake,34.80412754
Iowa,45.88761487
Iron,31.14700193
Jackson,44.2910805
Jefferson,48.61544521
Juneau,29.8323619
Kenosha,36.35748789
Kewaunee,38.70404511
La Crosse,54.81545395
Lafayette,39.84650912
Langlade,35.01850697
Lincoln,37.99139956
Manitowoc,49.17142315
Marathon,59.49459094
Marinette,48.04244839
Marquette,25.22836944
Menominee,34.93862894
Milwaukee,57.30835223
Monroe,48.71201318
Oconto,24.49093168
Oneida,41.75341384
Outagamie,54.82320646
Ozaukee,52.13081216
Pepin,35.07557503
Pierce,25.65002817
Polk,33.99609805
Portage,48.19776994
Price,38.37807891
Racine,43.03486507
Richland,38.65453814
Rock,43.0578484
Rusk,36.3746988
St. Croix,33.80313977
Sauk,51.89965484
Sawyer,37.44302721
Shawano,27.91260945
Sheboygan,58.14478491
Taylor,40.11456492
Trempealeau,45.82806673
Vernon,30.31616405
Vilas,37.71502189
Walworth,37.27028489
Washburn,32.66212035
Washington,41.61669312
Waukesha,69.63222631
Waupaca,36.50543712
Waushara,23.08286974
Winnebago,54.2744063
Wood,51.32615073
Albany,36.44577567
Big Horn,42.49094889
Campbell,134.0150111
Carbon,89.00436857
Converse,110.0095182
Crook,41.30906649
Fremont,40.34121989
Goshen,45.47592537
Hot Springs,53.95950088
Johnson,51.97833294
Laramie,52.96748091
Lincoln,40.7958344
Natrona,65.31129776
Niobrara,55.07291667
Park,46.09044848
Platte,62.89631282
Sheridan,41.44366127
Sublette,171.8942641
Sweetwater,89.51894629
Teton,93.10327045
Uinta,44.67706485
Washakie,45.46197791
Weston,45.62175043
